category_id,events,views,carts,removes,purchases,revenue_minor,category_code,distinct_codes,view_to_purchase,cart_to_purchase
2053013552226107603,2215,2172,16,0,27,47566,appliances.environment.fan,1,0.012431,1.6875
2053013552259662037,142184,138205,1817,0,2162,114233577,,0,0.015643,1.189873
2053013552293216471,158855,153390,2982,0,2483,11075587,appliances.environment.air_heater,1,0.016187,0.832663
2053013552326770905,145474,138784,3916,0,2774,29098554,appliances.environment.water_heater,1,0.019988,0.708376
2053013552351936731,39420,38654,354,0,412,20192599,appliances.environment.air_conditioner,1,0.010659,1.163842
2053013552385491165,158098,154740,1746,0,1612,10708317,,0,0.010417,0.923253
2053013552427434207,23024,21800,913,0,311,2632329,,0,0.014266,0.340635
2053013552469377249,20751,20189,311,0,251,603107,,0,0.012433,0.807074
2053013552502931683,5051,4962,46,0,43,367088,computers.peripherals.camera,1,0.008666,0.934783
2053013552570040549,13154,12925,147,0,82,3705995,electronics.video.projector,1,0.006344,0.557823
2053013552603594983,8115,7999,80,0,36,1302246,electronics.video.tv,1,0.004501,0.45
2053013552637149417,11519,11306,82,0,131,191137,computers.peripherals.mouse,1,0.011587,1.597561
2053013552662315243,27204,25892,678,0,634,944315,,0,0.024486,0.935103
2053013552695869677,17120,16619,275,0,226,5352233,electronics.tablet,1,0.013599,0.821818
2053013552737812719,5757,5568,75,0,114,171348,stationery.cartrige,1,0.020474,1.52
2053013552788144369,24573,23641,372,0,560,610398,,0,0.023688,1.505376
2053013552821698803,58423,56547,1175,0,701,2529747,,0,0.012397,0.596596
2053013552863641845,34545,33194,706,0,645,4904482,,0,0.019431,0.913598
2053013552888807671,60578,58879,779,0,920,2755831,computers.peripherals.mouse,1,0.015625,1.181001
2053013552913973497,53586,52565,421,0,600,2689161,computers.peripherals.keyboard,1,0.011414,1.425178
2053013552955916539,97233,93556,2174,0,1503,28867116,computers.peripherals.printer,1,0.016065,0.691352
2053013552989470973,20019,19268,478,0,273,2227553,,0,0.014169,0.57113
2053013553031414015,105906,103790,1081,0,1035,22885829,computers.peripherals.monitor,1,0.009972,0.957447
2053013553056579841,54559,52055,1511,0,993,20520892,computers.peripherals.printer,1,0.019076,0.657181
2053013553090134275,55301,54471,266,0,564,1622474,kids.toys,1,0.010354,2.120301
2053013553115300101,57161,56875,117,0,169,236154,,0,0.002971,1.444444
2053013553140465927,28120,27783,37,0,300,1313173,kids.toys,1,0.010798,8.108108
2053013553165631753,53161,52607,184,0,370,1820318,,0,0.007033,2.01087
2053013553199186187,75036,74347,215,0,474,2097868,,0,0.006376,2.204651
2053013553224352013,46207,45658,205,0,344,1366227,kids.dolls,1,0.007534,1.678049
2053013553257906447,27352,26956,205,0,191,661208,kids.toys,1,0.007086,0.931707
2053013553283072273,18649,18403,116,0,130,381351,,0,0.007064,1.12069
2053013553316626707,29853,29083,476,0,294,4783162,computers.ebooks,1,0.010109,0.617647
2053013553341792533,706417,672962,20257,0,13198,418141832,electronics.clocks,1,0.019612,0.651528
2053013553375346967,321525,292964,19951,0,8610,25786250,,0,0.029389,0.431557
2053013553459233053,2436,2416,0,0,20,38535,,0,0.008278,
2053013553484398879,122296,119432,143,0,2721,20438185,,0,0.022783,19.027972
2053013553526341921,252757,250611,0,0,2146,53772654,,0,0.008563,
2053013553559896355,1888744,1823852,20873,0,44019,292524027,,0,0.024135,2.108897
2053013553853497655,352114,344182,1548,0,6384,49231198,,0,0.018548,4.124031
2053013553887052089,5093,5067,0,0,26,216216,,0,0.005131,
2053013553912217915,49470,49034,0,0,436,8403946,,0,0.008892,
2053013553945772349,313664,309960,356,0,3348,30002208,electronics.audio.subwoofer,1,0.010801,9.404494
2053013553970938175,470208,464272,1289,0,4647,52324180,auto.accessories.player,1,0.010009,3.60512
2053013554004492609,25272,25016,36,0,220,711562,computers.components.cooler,1,0.008794,6.111111
2053013554071601477,41922,41581,87,0,254,1502749,,0,0.006109,2.91954
2053013554096767303,18637,18348,94,0,195,1091255,computers.components.power_supply,1,0.010628,2.074468
2053013554121933129,48547,48265,81,0,201,4350972,computers.components.cpu,1,0.004165,2.481481
2053013554155487563,43345,42988,87,0,270,3497483,computers.components.motherboard,1,0.006281,3.103448
2053013554189041997,42687,42093,68,0,526,2818441,computers.components.memory,1,0.012496,7.735294
2053013554222596431,64861,62655,1171,0,1035,6666149,computers.components.hdd,1,0.016519,0.88386
2053013554247762257,81811,80588,387,0,836,24358930,computers.components.videocards,1,0.010374,2.160207
2053013554415534427,1105635,1047962,36144,0,21529,841038540,electronics.video.tv,1,0.020544,0.595645
2053013554449088861,9964,9602,244,0,118,1715587,,0,0.012289,0.483607
2053013554474254687,29020,28394,196,0,430,3470976,electronics.audio.microphone,1,0.015144,2.193878
2053013554499420513,19624,19236,240,0,148,3440257,electronics.audio.acoustic,1,0.007694,0.616667
2053013554524586339,91651,88928,1525,0,1198,25480837,,0,0.013472,0.785574
2053013554566529381,48972,47601,625,0,746,4194201,computers.desktop,1,0.015672,1.1936
2053013554591695207,36760,36604,8,0,148,7506241,electronics.audio.acoustic,1,0.004043,18.5
2053013554625249641,89506,86690,1690,0,1126,10732189,,0,0.012989,0.666272
2053013554658804075,1100188,1018542,51143,0,30503,353912699,electronics.audio.headphone,1,0.029948,0.596426
2053013554692358509,15828,15635,44,0,149,555987,,0,0.00953,3.386364
2053013554725912943,11939,11585,222,0,132,368397,appliances.kitchen.coffee_grinder,1,0.011394,0.594595
2053013554751078769,67958,66138,1117,0,703,12186896,appliances.kitchen.grill,1,0.010629,0.629364
2053013554776244595,173380,164954,4717,0,3709,28968906,appliances.kitchen.microwave,1,0.022485,0.786305
2053013554834964853,169346,163491,3080,0,2775,9417421,appliances.kitchen.kettle,1,0.016973,0.900974
2053013554960793975,23579,22777,388,0,414,1858496,appliances.kitchen.toster,1,0.018176,1.06701
2053013554994348409,114320,112467,1078,0,775,3687750,,0,0.006891,0.718924
2053013555036291451,21525,21006,216,0,303,405275,appliances.personal.scales,1,0.014424,1.402778
2053013555069845885,90326,87675,1391,0,1260,8029049,appliances.kitchen.mixer,1,0.014371,0.905823
2053013555095011711,82944,81826,574,0,544,13711637,appliances.kitchen.coffee_machine,1,0.006648,0.947735
2053013555120177537,13498,13254,147,0,97,1004102,appliances.kitchen.steam_cooker,1,0.007319,0.659864
2053013555178897795,21701,21303,253,0,145,2121430,,0,0.006807,0.573123
2053013555220840837,47450,46240,656,0,554,5332438,appliances.kitchen.juicer,1,0.011981,0.844512
2053013555262783879,200969,194422,3503,0,3044,17363845,appliances.kitchen.blender,1,0.015657,0.868969
2053013555287949705,104298,102945,757,0,596,13699835,,0,0.005789,0.787318
2053013555321504139,160237,155551,2304,0,2382,19109825,appliances.kitchen.meat_grinder,1,0.015313,1.033854
2053013555355058573,112531,108321,2469,0,1741,15438129,,0,0.016073,0.705144
2053013555380224399,35315,35171,0,0,144,4803246,,0,0.004094,
2053013555413778833,19526,18957,299,0,270,2050243,,0,0.014243,0.90301
2053013555438944659,26543,26237,132,0,174,607989,,0,0.006632,1.318182
2053013555464110485,84683,82886,972,0,825,11356050,furniture.bedroom.bed,1,0.009953,0.848765
2053013555531219353,24406,23013,924,0,469,1662307,electronics.telephone,1,0.02038,0.507576
2053013555573162395,223222,215535,4418,0,3269,11010822,electronics.telephone,1,0.015167,0.739928
2053013555631882655,11507231,10619448,549765,0,338018,15704962337,electronics.smartphone,1,0.03183,0.614841
2053013555657048481,1147,1141,0,0,6,44174,,0,0.005259,
2053013555690602915,4,4,0,0,0,0,,0,0.0,
2053013555724157349,49,49,0,0,0,0,sport.bicycle,1,0.0,
2053013555782877609,1428,1421,0,0,7,84683,sport.bicycle,1,0.004926,
2053013555816432043,84964,83550,722,0,692,20213418,kids.skates,1,0.008282,0.958449
2053013556110033341,23939,23361,274,0,304,1530075,,0,0.013013,1.109489
2053013556135199167,6,6,0,0,0,0,construction.tools.welding,1,0.0,
2053013556168753601,694553,686897,921,0,6735,73403944,,0,0.009805,7.312704
2053013556202308035,70721,67228,2221,0,1272,15060068,construction.tools.saw,1,0.018921,0.572715
2053013556227473861,62029,61212,306,0,511,10027839,construction.tools.saw,1,0.008348,1.669935
2053013556252639687,66725,65314,684,0,727,6905830,construction.tools.drill,1,0.011131,1.062865
2053013556277805513,77891,76233,811,0,847,4874093,,0,0.011111,1.04439
2053013556311359947,213223,208267,2893,0,2063,16153051,construction.tools.drill,1,0.009906,0.713101
2053013556344914381,25069,24203,98,0,768,1049767,kids.fmcg.diapers,1,0.031732,7.836735
2053013556403634639,1466,1459,0,0,7,39404,,0,0.004798,
2053013556437189073,5292,5237,20,0,35,462902,,0,0.006683,1.75
2053013556462354899,47952,45663,1024,0,1265,7682315,,0,0.027703,1.235352
2053013556487520725,57546,56297,471,0,778,6612066,furniture.kitchen.chair,1,0.01382,1.651805
2053013556521075159,7558,7425,39,0,94,504563,,0,0.01266,2.410256
2053013556546240985,4144,4125,0,0,19,97724,,0,0.004606,
2053013556579795419,16788,16405,92,0,291,1346333,,0,0.017738,3.163043
2053013557024391671,466987,464038,0,0,2949,131982535,,0,0.006355,
2053013557066334713,50302,49958,0,0,344,5061171,,0,0.006886,
2053013557099889147,7047,7011,0,0,36,212664,furniture.bedroom.bed,1,0.005135,
2053013557133443581,243179,241567,0,0,1612,41047862,furniture.living_room.cabinet,1,0.006673,
2053013557166998015,112402,111239,0,0,1163,17480752,,0,0.010455,
2053013557192163841,266723,265417,1,0,1305,26024890,furniture.bedroom.bed,1,0.004917,1305.0
2053013557225718275,8331,8270,0,0,61,573130,,0,0.007376,
2053013557343158789,25824,25482,45,0,297,1490295,construction.components.faucet,1,0.011655,6.6
2053013557385101831,6549,6520,1,0,28,110554,,0,0.004294,28.0
2053013557418656265,16692,16495,15,0,182,1206057,furniture.bathroom.toilet,1,0.011034,12.133333
2053013557452210699,30657,30361,50,0,246,8603031,,0,0.008102,4.92
2053013557477376525,13614,13551,0,0,63,823402,furniture.bathroom.bath,1,0.004649,
2053013557510930959,5331,5297,5,0,29,537143,,0,0.005475,5.8
2053013557544485393,24859,24580,69,0,210,17878998,,0,0.008544,3.043478
2053013557569651219,24154,23901,7,0,246,1218196,,0,0.010292,35.142857
2053013557603205653,36242,35409,410,0,423,7179592,electronics.audio.music_tools.piano,1,0.011946,1.031707
2053013557645148695,7928,7862,4,0,62,1971498,,0,0.007886,15.5
2053013557670314521,39176,38258,326,0,592,9648629,electronics.audio.acoustic,1,0.015474,1.815951
2053013557695480347,1648,1635,3,0,10,12671,,0,0.006116,3.333333
2053013557737423389,544,539,0,0,5,3415,,0,0.009276,
2053013557787755041,774,768,0,0,6,2100,,0,0.007813,
2053013557930361385,20585,20464,0,0,121,60423,,0,0.005913,
2053013557955527211,10047,10003,0,0,44,71896,,0,0.004399,
2053013558005858861,10680,10624,33,0,23,146868,,0,0.002165,0.69697
2053013558031024687,126087,125034,502,0,551,3618008,,0,0.004407,1.09761
2053013558072967729,5524,5453,45,0,26,10592,,0,0.004768,0.577778
2053013558098133555,6318,6299,4,0,15,9329,,0,0.002381,3.75
2053013558131687989,26978,26373,227,0,378,1273022,,0,0.014333,1.665198
2053013558156853815,25212,24805,194,0,213,958425,,0,0.008587,1.097938
2053013558190408249,108323,106061,943,0,1319,3507631,,0,0.012436,1.398727
2053013558223962683,64602,63913,320,0,369,1476907,,0,0.005773,1.153125
2053013558249128509,74487,72871,807,0,809,7743704,,0,0.011102,1.002478
2053013558282682943,9419,9405,0,0,14,472849,,0,0.001489,
2053013558316237377,74367,73949,0,0,418,5630766,furniture.kitchen.table,1,0.005653,
2053013558349791811,17490,17420,0,0,70,554291,,0,0.004018,
2053013558391734853,19517,19410,11,0,96,1548378,computers.desktop,1,0.004946,8.727273
2053013558433677895,22322,22134,0,0,188,2323347,furniture.kitchen.table,1,0.008494,
2053013558458843721,86405,81955,2684,0,1766,4025367,,0,0.021548,0.657973
2053013558492398155,32112,31754,130,0,228,636994,,0,0.00718,1.753846
2053013558525952589,133421,131432,1104,0,885,2275051,,0,0.006734,0.80163
2053013558559507023,1261,1245,0,0,16,6946,,0,0.012851,
2053013558593061457,1914,1896,0,0,18,11491,,0,0.009494,
2053013558618227283,8624,8540,0,0,84,70417,,0,0.009836,
2053013558643393109,1270,1250,0,0,20,13147,,0,0.016,
2053013558668558935,6265,6232,0,0,33,94843,,0,0.005295,
2053013558727279193,11555,11331,0,0,224,141481,,0,0.019769,
2053013558752445019,30247,29778,0,0,469,836122,,0,0.01575,
2053013558785999453,12723,12664,0,0,59,191993,,0,0.004659,
2053013558802776671,9257,9153,0,0,104,139779,,0,0.011362,
2053013558836331105,16234,16072,0,0,162,305531,,0,0.01008,
2053013558861496931,10916,10794,0,0,122,251580,,0,0.011303,
2053013558895051365,38967,38625,0,0,342,717329,,0,0.008854,
2053013558920217191,1130645,1099549,15597,0,15499,897789691,computers.notebook,1,0.014096,0.993717
2053013558945383017,52253,51178,494,0,581,1647240,accessories.bag,1,0.011353,1.176113
2053013558978937451,3010,2963,0,0,47,14421,,0,0.015862,
2053013559071212141,911,881,0,0,30,3264,,0,0.034052,
2053013559104766575,19409,19030,0,0,379,469569,,0,0.019916,
2053013559138321009,665,662,0,0,3,27190,,0,0.004532,
2053013559222207091,91,90,0,0,1,2806,,0,0.011111,
2053013559255761525,531,527,0,0,4,32294,sport.ski,1,0.00759,
2053013559289315959,49,48,0,0,1,17993,apparel.shoes,1,0.020833,
2053013559322870393,107,107,0,0,0,0,,0,0.0,
2053013559348036219,2505,2493,0,0,12,359544,sport.ski,1,0.004813,
2053013559381590653,2,2,0,0,0,0,apparel.shoes,1,0.0,
2053013559406756479,352,351,0,0,1,23141,sport.snowboard,1,0.002849,
2053013559440310913,2302,2297,0,0,5,135781,sport.snowboard,1,0.002177,
2053013559473865347,25758,25341,174,0,243,1311854,,0,0.009589,1.396552
2053013559515808389,6700,6627,0,0,73,677872,,0,0.011016,
2053013559641637517,14678,14650,0,0,28,2609595,,0,0.001911,
2053013559675191951,42692,42368,143,0,181,2441060,,0,0.004272,1.265734
2053013559708746385,21647,21572,0,0,75,3663631,,0,0.003477,
2053013559733912211,194165,193238,0,0,927,21511637,,0,0.004797,
2053013559767466645,24622,24524,0,0,98,3839486,,0,0.003996,
2053013559792632471,216555,215471,0,0,1084,56987444,furniture.living_room.sofa,1,0.005031,
2053013559842964121,12091,12051,1,0,39,660068,furniture.living_room.chair,1,0.003236,39.0
2053013559868129947,98796,96003,1743,0,1050,10869085,computers.desktop,1,0.010937,0.60241
2053013559901684381,50939,50178,383,0,378,1378359,furniture.kitchen.chair,1,0.007533,0.986945
2053013559935238815,2339,2329,1,0,9,310301,,0,0.003864,9.0
2053013559960404641,4277,4245,7,0,25,170581,appliances.environment.vacuum,1,0.005889,3.571429
2053013559985570467,7180,7141,11,0,28,920461,country_yard.cultivator,1,0.003921,2.545455
2053013560010736293,10932,10802,72,0,58,2777270,,0,0.005369,0.805556
2053013560035902119,2109,2093,7,0,9,101212,,0,0.0043,1.285714
2053013560061067945,5501,5407,50,0,44,649084,country_yard.lawn_mower,1,0.008138,0.88
2053013560086233771,33740,32815,606,0,319,3460465,construction.tools.pump,1,0.009721,0.526403
2053013560111399597,9362,9194,103,0,65,551528,,0,0.00707,0.631068
2053013560144954031,93977,92083,1160,0,734,16072664,,0,0.007971,0.632759
2053013560178508465,36892,36205,474,0,213,7882950,construction.tools.generator,1,0.005883,0.449367
2053013560220451507,12059,11866,36,0,157,618805,,0,0.013231,4.361111
2053013560287560373,57615,56792,67,0,756,12925888,,0,0.013312,11.283582
2053013560312726199,60446,59370,467,0,609,5789963,furniture.living_room.chair,1,0.010258,1.304069
2053013560346280633,220242,216989,972,0,2281,37067342,kids.carriage,1,0.010512,2.346708
2053013560388223675,3,3,0,0,0,0,apparel.sock,1,0.0,
2053013560413389501,8397,8322,0,0,75,903097,,0,0.009012,
2053013560463721151,9195,9034,57,0,104,658294,,0,0.011512,1.824561
2053013560497275585,11386,11158,54,0,174,10574863,electronics.camera.photo,1,0.015594,3.222222
2053013560530830019,40032,39172,510,0,350,14071199,electronics.camera.video,1,0.008935,0.686275
2053013560555995845,74412,72310,1066,0,1036,81578061,,0,0.014327,0.971857
2053013560581161671,2422,2403,0,0,19,90279,auto.accessories.compressor,1,0.007907,
2053013560623104713,12351,12305,0,0,46,291859,auto.accessories.parktronic,1,0.003738,
2053013560807654091,194175,187634,4100,0,2441,33597932,auto.accessories.alarm,1,0.013009,0.595366
2053013560841208525,13893,13751,56,0,86,1269433,,0,0.006254,1.535714
2053013560866374351,43560,42350,716,0,494,4096896,auto.accessories.radar,1,0.011665,0.689944
2053013560899928785,224076,219012,2689,0,2375,27261434,auto.accessories.videoregister,1,0.010844,0.883228
2053013561059312345,13921,13657,79,0,185,15936915,electronics.tablet,1,0.013546,2.341772
2053013561092866779,256957,254765,852,0,1340,95070534,computers.desktop,1,0.00526,1.57277
2053013561126421213,4710,4313,256,0,141,647489,,0,0.032692,0.550781
2053013561159975647,32732,31518,765,0,449,2910215,,0,0.014246,0.586928
2053013561185141473,32004,31792,19,0,193,19072965,,0,0.006071,10.157895
2053013561218695907,171284,162165,5443,0,3676,147291447,,0,0.022668,0.675363
2053013561243861733,25641,25266,121,0,254,4109434,,0,0.010053,2.099174
2053013561277416167,88314,82973,3618,0,1723,8925170,,0,0.020766,0.47623
2053013561302581993,8302,8271,0,0,31,189348,,0,0.003748,
2053013561327747819,27707,27601,35,0,71,1305348,,0,0.002572,2.028571
2053013561352913645,13251,13155,10,0,86,389288,,0,0.006537,8.6
2053013561420022511,7326,7254,50,0,22,302454,accessories.bag,1,0.003033,0.44
2053013561453576945,28501,28001,249,0,251,2795265,,0,0.008964,1.008032
2053013561529074421,286,274,8,0,4,2276,,0,0.014599,0.5
2053013561554240247,9148,9010,78,0,60,785130,,0,0.006659,0.769231
2053013561579406073,600823,596156,0,0,4667,63637913,electronics.clocks,1,0.007828,
2053013561604571899,22194,22109,0,0,85,692770,,0,0.003845,
2053013561638126333,8510,8476,0,0,34,1369949,,0,0.004011,
2053013561663292159,6922,6857,0,0,65,68572,,0,0.009479,
2053013561696846593,6073,6042,0,0,31,153711,,0,0.005131,
2053013561747178243,4049,4007,0,0,42,52278,,0,0.010482,
2053013561780732677,20910,20732,7,0,171,388274,furniture.bedroom.pillow,1,0.008248,24.428571
2053013561814287111,15268,15165,0,0,103,207570,,0,0.006792,
2053013561847841545,22602,22440,0,0,162,516742,furniture.bedroom.blanket,1,0.007219,
2053013561889784587,30,30,0,0,0,0,furniture.bedroom.blanket,1,0.0,
2053013561914950413,1536,1515,0,0,21,15171,,0,0.013861,
2053013561956893455,65659,65129,13,0,517,1703799,,0,0.007938,39.769231
2053013561982059281,3868,3852,0,0,16,36414,,0,0.004154,
2053013562082722579,22146,21619,268,0,259,439099,,0,0.01198,0.966418
2053013562116277013,10792,10705,37,0,50,259152,construction.tools.light,1,0.004671,1.351351
2053013562149831447,9959,9919,0,0,40,268848,furniture.universal.light,1,0.004033,
2053013562183385881,5154,5076,25,0,53,22177,,0,0.010441,2.12
2053013562208551707,17427,17394,0,0,33,213588,,0,0.001897,
2053013562250494749,34945,34866,0,0,79,175756,,0,0.002266,
2053013562292437791,14806,13974,522,0,310,1350042,medicine.tools.tonometer,1,0.022184,0.59387
2053013562325992225,850,836,0,0,14,8601,,0,0.016746,
2053013562359546659,6761,6708,0,0,53,97262,,0,0.007901,
2053013562393101093,4405,4354,0,0,51,51254,,0,0.011713,
2053013562451821351,1429,1406,0,0,23,10119,,0,0.016358,
2053013562560873263,7044,6955,5,0,84,71194,,0,0.012078,16.8
2053013562611204913,28566,28112,30,0,424,296778,,0,0.015083,14.133333
2053013562644759347,6469,6429,0,0,40,52041,,0,0.006222,
2053013562753811257,5580,5499,0,0,81,54270,,0,0.01473,
2053013562778977083,26554,25942,0,0,612,607973,,0,0.023591,
2053013562812531517,32690,32038,1,0,651,511222,,0,0.02032,651.0
2053013562837697343,52802,51580,0,0,1222,1109623,,0,0.023691,
2053013562871251777,7511,7463,17,0,31,122141,,0,0.004154,1.823529
2053013562913194819,44234,42823,835,0,576,4463190,,0,0.013451,0.68982
2053013562946749253,43834,41609,1196,0,1029,2092769,appliances.personal.scales,1,0.02473,0.860368
2053013563097744201,65955,63755,1153,0,1047,4107956,appliances.personal.hair_cutter,1,0.016422,0.908066
2053013563139687243,45044,43798,662,0,584,3362289,,0,0.013334,0.882175
2053013563173241677,363621,346072,9951,0,7598,32513212,,0,0.021955,0.763541
2053013563215184719,10846,10701,0,0,145,343610,,0,0.01355,
2053013563248739153,4074,4012,0,0,62,66163,,0,0.015454,
2053013563273904979,1053,1043,0,0,10,7588,,0,0.009588,
2053013563307459413,14210,14075,0,0,135,147815,,0,0.009591,
2053013563332625239,6288,6237,0,0,51,213830,,0,0.008177,
2053013563366179673,8239,8109,76,0,54,682281,,0,0.006659,0.710526
2053013563391345499,18952,18410,352,0,190,916881,,0,0.01032,0.539773
2053013563424899933,54769,54322,0,0,447,13225390,,0,0.008229,
2053013563450065759,21464,21356,0,0,108,254009,,0,0.005057,
2053013563483620193,19043,18917,0,0,126,797150,,0,0.006661,
2053013563517174627,52517,52054,0,0,463,4604452,,0,0.008895,
2053013563550729061,137276,135730,0,0,1546,26191945,,0,0.01139,
2053013563584283495,260559,254870,0,0,5689,220139719,,0,0.022321,
2053013563651392361,787191,776646,0,0,10545,215386477,,0,0.013578,
2053013563693335403,491197,484594,0,0,6603,112206086,,0,0.013626,
2053013563718501229,18907,18594,82,0,231,1661534,computers.components.cooler,1,0.012423,2.817073
2053013563743667055,107165,105149,1080,0,936,10150944,appliances.kitchen.hood,1,0.008902,0.866667
2053013563768832881,14314,14146,99,0,69,4013783,,0,0.004878,0.69697
2053013563810775923,869404,831279,21977,0,16148,465864659,appliances.kitchen.washer,1,0.019425,0.734768
2053013563835941749,270402,264276,2704,0,3422,87041312,appliances.kitchen.refrigerators,1,0.012949,1.265533
2053013563877884791,106965,104759,1247,0,959,20501205,appliances.kitchen.hob,1,0.009154,0.769046
2053013563911439225,598612,580444,10390,0,7778,295764853,appliances.kitchen.refrigerators,1,0.0134,0.748604
2053013563944993659,83730,82114,975,0,641,25583039,appliances.kitchen.dishwasher,1,0.007806,0.657436
2053013563970159485,457909,447889,5280,0,4740,113631567,,0,0.010583,0.897727
2053013564003713919,195037,190992,1710,0,2335,29913061,appliances.kitchen.oven,1,0.012226,1.365497
2053013564154708873,24469,24322,18,0,129,2231514,,0,0.005304,7.166667
2053013564523807647,2030,2023,4,0,3,258069,sport.trainer,1,0.001483,0.75
2053013564557362081,5177,5154,0,0,23,382592,,0,0.004463,
2053013564599305123,22582,22090,265,0,227,4989559,sport.trainer,1,0.010276,0.856604
2053013564641248165,46477,45876,109,0,492,25399831,,0,0.010725,4.513761
2053013564674802599,11381,11159,85,0,137,6053515,sport.trainer,1,0.012277,1.611765
2053013564699968425,8,8,0,0,0,0,,0,0.0,
2053013564741911467,25439,25017,0,0,422,1892867,,0,0.016869,
2053013564918072245,191423,190549,0,0,874,12622243,,0,0.004587,
2053013564968403895,21507,21423,0,0,84,466699,,0,0.003921,
2053013565069067197,274444,272690,0,0,1754,13329626,apparel.shoes.keds,1,0.006432,
2053013565127787455,38845,38662,0,0,183,1107592,apparel.shoes,1,0.004733,
2053013565152953281,1332,1332,0,0,0,0,apparel.shoes.step_ins,1,0.0,
2053013565194896323,1260,1258,0,0,2,6023,apparel.shoes.sandals,1,0.00159,
2053013565228450757,161422,160356,0,0,1066,8392836,apparel.shoes,1,0.006648,
2053013565253616583,10180,10123,0,0,57,431805,apparel.shoes.moccasins,1,0.005631,
2053013565329114057,3373,3371,0,0,2,5534,apparel.shoes.slipons,1,5.93E-4,
2053013565362668491,12503,12451,0,0,52,346877,apparel.shoes.keds,1,0.004176,
2053013565413000141,2312,2306,0,0,6,34286,apparel.shoes.slipons,1,0.002602,
2053013565446554575,3010,2993,0,0,17,96881,apparel.shoes.keds,1,0.00568,
2053013565480109009,108020,107165,0,0,855,4891067,apparel.shoes.keds,1,0.007978,
2053013565505274835,1399,1399,0,0,0,0,apparel.shoes.espadrilles,1,0.0,
2053013565589160919,2127,2123,0,0,4,13850,,0,0.001884,
2053013565639492569,274907,273544,0,0,1363,13162841,apparel.shoes,1,0.004983,
2053013565681435611,2312,2307,0,0,5,15520,apparel.shoes.sandals,1,0.002167,
2053013565706601437,2774,2760,0,0,14,70634,apparel.shoes.moccasins,1,0.005072,
2053013565748544479,23891,23819,0,0,72,353143,apparel.shoes,1,0.003023,
2053013565782098913,157073,156024,0,0,1049,9292225,apparel.shoes,1,0.006723,
2053013565824041955,4875,4859,0,0,16,47517,apparel.shoes.sandals,1,0.003293,
2053013565857596389,2863,2852,0,0,11,31456,apparel.shoes.ballet_shoes,1,0.003857,
2053013565882762215,31983,31758,0,0,225,1624618,,0,0.007085,
2053013565916316649,5089,4957,83,0,49,208703,appliances.personal.massager,1,0.009885,0.590361
2053013565941482475,13267,13097,56,0,114,606683,appliances.personal.massager,1,0.008704,2.035714
2053013565983425517,773468,744165,17186,0,12117,168562385,appliances.environment.vacuum,1,0.016283,0.705051
2053013566033757167,35282,34264,354,0,664,2633348,appliances.ironing_board,1,0.019379,1.875706
2053013566067311601,30099,29316,462,0,321,7679608,,0,0.01095,0.694805
2053013566100866035,152268,148042,2287,0,1939,40435603,appliances.sewing_machine,1,0.013098,0.847836
2053013566142809077,77648,75524,1093,0,1031,11796066,construction.tools.generator,1,0.013651,0.943275
2053013566176363511,165393,157645,4095,0,3653,22377706,appliances.iron,1,0.023172,0.892063
2053013566209917945,76451,76075,0,0,376,2716452,accessories.bag,1,0.004942,
2053013566243472379,43592,43282,0,0,310,1501683,accessories.wallet,1,0.007162,
2053013566277026813,2469,2448,0,0,21,122240,apparel.belt,1,0.008578,
2053013566310581247,20154,20079,0,0,75,7596780,,0,0.003735,
2053013566344134657,19757,19393,1,0,363,1999960,,0,0.018718,363.0
2053013566377689091,7434,7287,4,0,143,252984,,0,0.019624,35.75
2053013566411243525,12010,11763,0,0,247,556062,,0,0.020998,
2053013566453186567,18920,18556,45,0,319,725291,,0,0.017191,7.088889
2053013566478352393,26948,26584,3,0,361,1836491,,0,0.01358,120.333333
2053013566503518219,6,6,0,0,0,0,,0,0.0,
2053013566537072653,3370,3359,4,0,7,139030,kids.swing,1,0.002084,1.75
2053013566562238479,67364,67150,0,0,214,295894,,0,0.003187,
2053013566587404305,12462,12366,21,0,75,675066,,0,0.006065,3.571429
2055156895844401457,7249,7142,33,0,74,62404,,0,0.010361,2.242424
2055156924273394455,38999,38730,0,0,269,6174605,,0,0.006946,
2055156924315337497,6956,6939,0,0,17,497400,,0,0.00245,
2055156924407612189,10983,10938,0,0,45,105156,accessories.bag,1,0.004114,
2055156924466332447,17122,16995,37,0,90,675654,,0,0.005296,2.432432
2055909009252155819,7186,7145,6,0,35,56337,,0,0.004899,5.833333
2055909011886178857,5,5,0,0,0,0,,0,0.0,
2058719829233238746,1448,1440,0,0,8,9422,,0,0.005556,
2059484387635888645,3925,3856,0,0,69,1140888,,0,0.017894,
2059484599339188409,1659,1650,0,0,9,167210,,0,0.005455,
2059484599372742843,159,159,0,0,0,0,,0,0.0,
2059484599414685885,15223,15114,0,0,109,970259,,0,0.007212,
2059484599456628927,986,974,0,0,12,135876,,0,0.01232,
2059484601444729123,55777,55625,0,0,152,22979306,,0,0.002733,
2059484601981600061,1218,1218,0,0,0,0,country_yard.furniture.hammok,1,0.0,
2059484602015154495,190,190,0,0,0,0,country_yard.furniture.bench,1,0.0,
2059484602216481097,12040,12004,0,0,36,5155923,,0,0.002999,
2060237588744111062,2860,2854,0,0,6,181203,,0,0.002102,
2060237591176806498,1655,1650,4,0,1,32199,,0,6.06E-4,0.25
2060981320481243178,2875,2867,0,0,8,22574,,0,0.00279,
2060981320514797612,1472,1459,7,0,6,12710,,0,0.004112,0.857143
2060981320548352046,3282,3241,29,0,12,23721,,0,0.003703,0.413793
2060981320581906480,13351,13271,24,0,56,465943,,0,0.00422,2.333333
2061717937420501730,30475,29631,465,0,379,2487303,,0,0.012791,0.815054
2061717948367634684,3359,3346,0,0,13,124808,,0,0.003885,
2061717948468297988,11645,11337,228,0,80,93291,,0,0.007057,0.350877
2061717948493463814,25401,25010,182,0,209,448333,,0,0.008357,1.148352
2062461754293617058,145512,144564,0,0,948,6155467,,0,0.006558,
2069241407767315312,2523,2513,0,0,10,24193,apparel.scarf,1,0.003979,
2069241409453425602,6706,6686,0,0,20,406092,appliances.kitchen.grill,1,0.002991,
2070004998778912979,1307,1299,5,0,3,4625,,0,0.002309,0.6
2070005009172398851,7821,7791,9,0,21,43114,,0,0.002695,2.333333
2070005009256284935,24542,24521,5,0,16,158089,,0,6.53E-4,3.2
2070005009382114061,31304,31222,0,0,82,189043,apparel.underwear,1,0.002626,
2070747671722722162,7534,7492,0,0,42,407627,,0,0.005606,
2070747673266226092,9763,9599,100,0,64,83613,,0,0.006667,0.64
2070747673358500784,1942,1903,20,0,19,23719,,0,0.009984,0.95
2070747685681365440,23,23,0,0,0,0,,0,0.0,
2071489994601529806,2976,2950,19,0,7,9718,,0,0.002373,0.368421
2071489994693804498,1447,1420,11,0,16,12615,,0,0.011268,1.454545
2071490004441367490,12132,11981,2,0,149,354729,,0,0.012436,74.5
2074462942123786261,1795,1788,0,0,7,20516,,0,0.003915,
2075210504652981138,4488,4426,43,0,19,321845,,0,0.004293,0.44186
2075210506532029436,2004,1998,0,0,6,14029,,0,0.003003,
2075210506573972478,3168,3146,0,0,22,31324,,0,0.006993,
2075962323838697472,1291,1279,0,0,12,44811,kids.skates,1,0.009382,
2075962341706433246,876,874,0,0,2,644,,0,0.002288,
2075962341748376288,10548,10520,0,0,28,54758,,0,0.002662,
2075962341790319330,2060,2056,0,0,4,2777,,0,0.001946,
2076715358323998979,62,61,0,0,1,6533,,0,0.016393,
2076715364204413467,8817,8777,0,0,40,99688,,0,0.004557,
2076715364237967901,632,630,0,0,2,3218,apparel.shorts,1,0.003175,
2076715364279910943,1145,1143,0,0,2,605,,0,0.00175,
2077453854185620383,3210,3165,0,0,45,86353,appliances.kitchen.toster,1,0.014218,
2078957452602114300,1483,1464,0,0,19,18396,,0,0.012978,
2078957452635668734,6633,6510,0,0,123,176280,,0,0.018894,
2078957452669223168,10128,10019,0,0,109,166489,,0,0.010879,
2078957461921858354,3282,3264,0,0,18,34330,,0,0.005515,
2078957461947024180,603,601,0,0,2,2433,apparel.tshirt,1,0.003328,
2079713971606127501,4209,4159,0,0,50,61238,,0,0.012022,
2079713978300236035,14012,13913,12,0,87,1202704,,0,0.006253,7.25
2079713979038433581,212,212,0,0,0,0,apparel.shoes,1,0.0,
2079713982830084515,2693,2684,6,0,3,54102,,0,0.001118,0.5
2079713983761220055,9167,9097,0,0,70,536597,,0,0.007695,
2080463777567867259,2423,2373,0,0,50,26441,,0,0.02107,
2080463777718862211,2512,2474,0,0,38,37980,,0,0.01536,
2082717806897398246,847,846,0,0,1,847,,0,0.001182,
2084217994270999025,30597,29822,386,0,389,4969894,,0,0.013044,1.007772
2084218014168776941,6707,6634,13,0,60,1004230,,0,0.009044,4.615385
2084962291626803333,2508,2483,0,0,25,21585,,0,0.010068,
2084962304016777941,24437,24335,0,0,102,1394160,apparel.costume,1,0.004191,
2085718636156158307,110472,109912,0,0,560,4149803,,0,0.005095,
2086471225382536008,3186,3177,0,0,9,33077,,0,0.002833,
2086471239416676686,9045,8869,115,0,61,290898,,0,0.006878,0.530435
2086471240800797129,11983,11966,0,0,17,93657,apparel.trousers,1,0.001421,
2086471240842740173,12349,12312,0,0,37,183786,apparel.shirt,1,0.003005,
2088750507198775704,4226,4098,52,0,76,68220,,0,0.018546,1.461538
2088750570935419494,27,27,0,0,0,0,construction.tools.painting,1,0.0,
2089490106086851034,15342,15263,0,0,79,1045308,,0,0.005176,
2089490116119625748,4139,4075,0,0,64,53919,,0,0.015706,
2090228401527849663,18555,18317,15,0,223,275316,,0,0.012174,14.866667
2090228413380952337,13167,13152,0,0,15,21302,apparel.underwear,1,0.001141,
2090228413959766319,25787,25710,0,0,77,552612,,0,0.002995,
2090971675423146874,698,698,0,0,0,0,,0,0.0,
2090971680431145002,1357,1356,0,0,1,5771,,0,7.37E-4,
2090971680481476652,889,887,0,0,2,2067,,0,0.002255,
2090971680783466556,16336,16197,0,0,139,5157840,,0,0.008582,
2090971685539807320,579,578,1,0,0,0,,0,0.0,0.0
2090971686529663114,16491,16357,0,0,134,536660,appliances.environment.vacuum,1,0.008192,
2091727629378912491,5999,5995,0,0,4,21844,,0,6.67E-4,
2094006184079000416,2436,2402,0,0,34,442639,,0,0.014155,
2094006249627582860,3923,3894,5,0,24,61152,accessories.umbrella,1,0.006163,4.8
2095518906859913319,13410,13286,27,0,97,1076899,,0,0.007301,3.592593
2095518917320508073,16036,15966,0,0,70,155227,,0,0.004384,
2095518921321874323,56198,55932,0,0,266,4126444,furniture.living_room.cabinet,1,0.004756,
2095518921355428757,12896,12868,0,0,28,962934,,0,0.002176,
2096280510920655375,5465,5444,0,0,21,1186009,construction.tools.saw,1,0.003857,
2096280538292683405,11532,11278,97,0,157,467890,appliances.kitchen.kettle,1,0.013921,1.618557
2096280601366626625,44311,43886,0,0,425,2554355,,0,0.009684,
2097815753423061045,14363,14304,12,0,47,180809,apparel.tshirt,1,0.003286,3.916667
2098563440799908223,5069,5033,5,0,31,395000,,0,0.006159,6.2
2098563448148329133,3447,3422,0,0,25,246640,,0,0.007306,
2098563450757186313,5878,5821,18,0,39,31279,construction.tools.light,1,0.0067,2.166667
2098563460336976001,1080,1077,0,0,3,2018,construction.tools.pump,1,0.002786,
2099306010899383229,9349,9227,23,0,99,359366,,0,0.010729,4.304348
2100064855133258156,2658,2631,0,0,27,113176,apparel.shoes,1,0.010262,
2100064858975240628,4770,4680,0,0,90,1137071,furniture.kitchen.table,1,0.019231,
2100065069009208002,1287,1287,0,0,0,0,,0,0.0,
2100065069302809284,4838,4792,11,0,35,407912,,0,0.007304,3.181818
2100065080828756704,8704,8678,0,0,26,1455514,auto.accessories.winch,1,0.002996,
2100825583029060150,23042,22956,0,0,86,396527,apparel.jeans,1,0.003746,
2102305967893905931,8071,8038,0,0,33,357973,,0,0.004105,
2102307650380235197,48718,48479,0,0,239,5801021,,0,0.00493,
2103807459595387724,5493,5452,0,0,41,36965,,0,0.00752,
2104564977229628393,29331,29182,0,0,149,832851,,0,0.005106,
2105319817211805903,1285,1274,0,0,11,117402,,0,0.008634,
2105319819401232597,8387,8332,1,0,54,2175257,,0,0.006481,54.0
2106075662325383725,28703,28237,143,0,323,4336617,kids.swing,1,0.011439,2.258741
2106075695351333719,5521,5503,0,0,18,28011,,0,0.003271,
2106075725441269865,16058,15979,0,0,79,305708,,0,0.004944,
2106830258215846573,3279,3269,3,0,7,98547,,0,0.002141,2.333333
2109094148110811752,6978,6857,30,0,91,199034,computers.notebook,1,0.013271,3.033333
2109094161893294334,3692,3682,0,0,10,41958,apparel.costume,1,0.002716,
2110187392055903187,3775,3713,36,0,26,162966,,0,0.007002,0.722222
2110187395394568257,18741,18691,32,0,18,201536,appliances.kitchen.refrigerators,1,9.63E-4,0.5625
2110187395688169553,1029,1025,0,0,4,10985,apparel.skirt,1,0.003902,
2110187395721723987,454,452,0,0,2,9524,apparel.costume,1,0.004425,
2110187395755278421,1605,1602,0,0,3,9569,,0,0.001873,
2110187395788832855,183,183,0,0,0,0,apparel.shirt,1,0.0,
2110937143172923797,5542,5495,23,0,24,49180,construction.tools.light,1,0.004368,1.043478
2110937189033444097,3211,3205,0,0,6,57302,accessories.bag,1,0.001872,
2110937189394154243,10536,10504,0,0,32,409958,,0,0.003046,
2110937217663763331,436,435,0,0,1,4323,apparel.jacket,1,0.002299,
2110937218225800069,1190,1190,0,0,0,0,apparel.dress,1,0.0,
2110937219005940617,769,766,0,0,3,7308,apparel.trousers,1,0.003916,
2110937219442148235,365,365,0,0,0,0,,0,0.0,
2110937221648352149,1169,1169,0,0,0,0,apparel.trousers,1,0.0,
2110937222638207897,7415,7396,0,0,19,316104,,0,0.002569,
2110937223082804123,2033,2024,0,0,9,65534,furniture.living_room.cabinet,1,0.004447,
2112418071384687332,4678,4663,0,0,15,261126,,0,0.003217,
2112418215870071678,52,52,0,0,0,0,,0,0.0,
2113934850560885372,8474,8454,0,0,20,104557,apparel.shoes.keds,1,0.002366,
2116907504691576833,8760,8679,29,0,52,219562,,0,0.005991,1.793103
2116907507795361987,5667,5571,52,0,44,227631,,0,0.007898,0.846154
2116907507954745551,3426,3416,0,0,10,96530,,0,0.002927,
2116907518801216297,2588,2572,0,0,16,253296,,0,0.006221,
2116907519078040377,62226,61883,0,0,343,3075819,apparel.shoes,1,0.005543,
2116907524262199379,1663,1662,0,0,1,4719,apparel.shoes,1,6.02E-4,
2116907524295753813,2117,2111,0,0,6,21075,apparel.shoes.keds,1,0.002842,
2116907524337696855,1009,1004,0,0,5,21464,apparel.shoes.keds,1,0.00498,
2116907524379639897,10441,10402,0,0,39,247041,apparel.shoes,1,0.003749,
2116907524488691805,727,725,0,0,2,10303,apparel.shoes.keds,1,0.002759,
2116907524530634847,1038,1031,0,0,7,37480,apparel.shoes,1,0.00679,
2116907524572577889,13866,13803,0,0,63,393464,apparel.shoes,1,0.004564,
2116907525143003265,2736,2706,15,0,15,95510,sport.bicycle,1,0.005543,1.0
2116907525176557699,111348,109910,647,0,791,18572071,sport.bicycle,1,0.007197,1.222566
2116907525201723525,1629,1601,6,0,22,681564,,0,0.013741,3.666667
2116907525235277959,9846,9795,31,0,20,1578753,sport.bicycle,1,0.002042,0.645161
2119149008294249184,8767,8301,332,0,134,1007226,,0,0.016143,0.403614
2119910569631810087,3409,3374,18,0,17,922329,,0,0.005039,0.944444
2124430574616576362,1919,1897,11,0,11,24286,,0,0.005799,1.0
2125175529001713727,6354,6323,1,0,30,613115,,0,0.004745,30.0
2125175570022007765,6285,6285,0,0,0,0,,0,0.0,
2125931803410694331,15736,15728,0,0,8,331643,,0,5.09E-4,
2126679652444405974,3778,3758,0,0,20,41741,,0,0.005322,
2126679654801604876,24325,24215,0,0,110,195714,accessories.bag,1,0.004543,
2126679657276244294,1329,1321,0,0,8,31455,,0,0.006056,
2127424806855902066,3234,3221,0,0,13,117415,,0,0.004036,
2127424820051182462,2646,2618,7,0,21,128308,apparel.sock,1,0.008021,3.0
2127425270821421370,2359,2357,0,0,2,2905,,0,8.49E-4,
2127425375913902544,23941,23839,0,0,102,811544,,0,0.004279,
2127425430859285014,1283,1257,0,0,26,13689,,0,0.020684,
2127425432411177496,2123,2038,0,0,85,37868,,0,0.041708,
2127425433661080090,566,557,0,0,9,22932,,0,0.016158,
2127425434894205468,14794,14653,8,0,133,1433958,construction.tools.painting,1,0.009077,16.625
2127425436764865054,93461,90509,1880,0,1072,17355575,construction.tools.welding,1,0.011844,0.570213
2127425438190928416,3066,3031,0,0,35,282709,,0,0.011547,
2127425439776375330,6735,6609,66,0,60,468201,,0,0.009079,0.909091
2127425440925614628,27340,26934,164,0,242,2654799,,0,0.008985,1.47561
2134904816839688395,3808,3780,0,0,28,31549,,0,0.007407,
2134904835026190593,1358,1347,0,0,11,34110,,0,0.008166,
2134904980736311929,3718,3590,87,0,41,50802,electronics.clocks,1,0.011421,0.471264
2134904982346924669,75,75,0,0,0,0,electronics.clocks,1,0.0,
2134905019189691101,45,45,0,0,0,0,,0,0.0,
2134905035589419799,7389,7372,0,0,17,261562,,0,0.002306,
2134905039313961849,6718,6694,0,0,24,99280,,0,0.003585,
2134905041696326587,21421,21395,0,0,26,1229400,,0,0.001215,
2134905044766557181,7434,7262,70,0,102,2372915,appliances.environment.vacuum,1,0.014046,1.457143
2134905044833666047,27877,27281,260,0,336,7119324,auto.accessories.compressor,1,0.012316,1.292308
2134905045102100487,4454,4318,90,0,46,817048,furniture.kitchen.table,1,0.010653,0.511111
2134905045177597961,1815,1801,9,0,5,14858,sport.tennis,1,0.002776,0.555556
2134905045253095435,1729,1725,0,0,4,19666,sport.tennis,1,0.002319,
2134905045328592909,2148,2143,0,0,5,17629,,0,0.002333,
2134905045613805589,30731,30686,0,0,45,697311,,0,0.001466,
2135658359968236364,2794,2784,0,0,10,13262,,0,0.003592,
2135658542101693154,1099,1099,0,0,0,0,sport.snowboard,1,0.0,
2135658542386905834,52413,52331,0,0,82,1256551,,0,0.001567,
2135658542781170420,8824,8804,0,0,20,143877,apparel.shoes,1,0.002272,
2135658543242543872,4136,4129,0,0,7,41973,apparel.shoes,1,0.001695,
2135658545893344074,147,147,0,0,0,0,,0,0.0,
2136221634460123799,8218,8202,0,0,16,190095,,0,0.001951,
2136389353511846005,548,548,0,0,0,0,apparel.shoes.sandals,1,0.0,
2136389354015162499,377,375,0,0,2,7156,apparel.shoes.sandals,1,0.005333,
2136935916512478049,3917,3786,80,0,51,55346,appliances.kitchen.kettle,1,0.013471,0.6375
2137134548792640183,13,13,0,0,0,0,apparel.shoes.moccasins,1,0.0,
2137134549706998477,477,476,0,0,1,3655,apparel.shoes.moccasins,1,0.002101,
2137704922018218396,19752,19737,0,0,15,169762,,0,7.6E-4,
2137704926053138958,37530,37474,0,0,56,500095,,0,0.001494,
2138568472580325973,4883,4878,0,0,5,38456,sport.bicycle,1,0.001025,
2139150089359196199,16174,16061,0,0,113,291235,accessories.bag,1,0.007036,
2141229835995840847,3839,3814,0,0,25,112889,,0,0.006555,
2141355031935321056,1863,1812,31,0,20,31390,stationery.cartrige,1,0.011038,0.645161
2141355067922449282,961,957,0,0,4,116739,,0,0.00418,
2141355068383822734,13988,13132,580,0,276,808318,,0,0.021017,0.475862
2141478391264576072,1028,1012,0,0,16,9335,,0,0.01581,
2141478391348462154,1730,1707,0,0,23,17626,,0,0.013474,
2141478496122176368,256,256,0,0,0,0,,0,0.0,
2142047355153678986,996,993,0,0,3,12331,,0,0.003021,
2142171269733286244,2001,1988,0,0,13,72641,,0,0.006539,
2144356630513320518,100813,100573,0,0,240,33836125,,0,0.002386,
2144916515806248980,5583,5535,32,0,16,174516,construction.tools.saw,1,0.002891,0.5
2145153815500816706,4680,4671,0,0,9,46760,,0,0.001927,
2145603402644587402,1940,1937,0,0,3,11966,,0,0.001549,
2145727308156108933,1,1,0,0,0,0,,0,0.0,
2145727399348666855,2124,2088,0,0,36,127222,,0,0.017241,
2145727399449330153,430,428,0,0,2,1673,,0,0.004673,
2145727399558382059,1823,1810,0,0,13,48972,,0,0.007182,
2146306510567768475,1,1,0,0,0,0,,0,0.0,
2146430800906682785,495,490,0,0,5,4029,,0,0.010204,
2146430800990568867,1633,1624,0,0,9,4119,,0,0.005542,
2146430820443751321,83,83,0,0,0,0,apparel.shoes.ballet_shoes,1,0.0,
2146551843914777018,31853,31758,0,0,95,1443043,apparel.costume,1,0.002991,
2146551844904632788,212,212,0,0,0,0,apparel.tshirt,1,0.0,
2146551904958677622,665,662,0,0,3,13591,,0,0.004532,
2146660886926852416,2605,2603,0,0,2,6687,,0,7.68E-4,
2146660887002349890,36144,36129,0,0,15,87131,apparel.dress,1,4.15E-4,
2146660887094624580,33699,33645,0,0,54,219796,apparel.jeans,1,0.001605,
2146660887203676486,74564,74284,0,0,280,1760613,apparel.costume,1,0.003769,
2146660887346282824,3788,3772,7,0,9,19622,apparel.tshirt,1,0.002386,1.285714
2147123662791115686,3065,3056,0,0,9,38229,,0,0.002945,
2147123662858224552,308,308,0,0,0,0,auto.accessories.anti_freeze,1,0.0,
2147846602826449803,6209,5983,163,0,63,1342678,,0,0.01053,0.386503
2149484526546452752,2192,2190,0,0,2,9266,apparel.trousers,1,9.13E-4,
2149484852091552186,238,236,0,0,2,7208,,0,0.008475,
2149939352476582010,736,732,0,0,4,2244,,0,0.005464,
2150829657950257794,1062,1061,0,0,1,22022,,0,9.43E-4,
2150829667932701348,86,86,0,0,0,0,,0,0.0,
2150829923885908490,235,235,0,0,0,0,,0,0.0,
2150829948548416122,632,631,0,0,1,1214,construction.tools.soldering,1,0.001585,
2150829959453606568,1725,1671,43,0,11,16962,,0,0.006583,0.255814
2151563850841850061,5169,5055,83,0,31,45050,,0,0.006133,0.373494
2151564008329576933,87,87,0,0,0,0,,0,0.0,
2151564095713706619,285,280,0,0,5,13513,,0,0.017857,
2152167773222993940,34310,34198,0,0,112,644188,,0,0.003275,
2152289023127715889,3223,3204,0,0,19,55570,,0,0.00593,
2152289064542273825,3851,3699,102,0,50,193287,,0,0.013517,0.490196
2155114825741500949,724,724,0,0,0,0,,0,0.0,
2155241212938814273,111,111,0,0,0,0,,0,0.0,
2155812777791324581,1848,1824,19,0,5,223519,,0,0.002741,0.263158
2156501936323428882,322,322,0,0,0,0,,0,0.0,
2156718775112565355,3596,3586,0,0,10,188650,,0,0.002789,
2158174724725670855,3571,3485,59,0,27,163789,,0,0.007747,0.457627
2158174729414901910,46,46,0,0,0,0,,0,0.0,
2159419215583380463,49,49,0,0,0,0,,0,0.0,
2159535974915244827,8,8,0,0,0,0,,0,0.0,
2159649186167915110,662,661,0,0,1,1506,,0,0.001513,
2160098698049093979,794,789,1,0,4,30843,,0,0.00507,4.0
2160912607672795565,239,239,0,0,0,0,,0,0.0,
2160912655915679819,46,46,0,0,0,0,,0,0.0,
2162513024617808683,46,46,0,0,0,0,,0,0.0,
2162513070000177858,240,239,0,0,1,33205,,0,0.004184,
2162513070503494350,772,740,23,0,9,30037,construction.tools.welding,1,0.012162,0.391304
2162513074060264222,369,369,0,0,0,0,,0,0.0,
2163334577303585455,38,38,0,0,0,0,apparel.shoes,1,0.0,
2163334578259886795,38,38,0,0,0,0,apparel.shoes,1,0.0,
2164367422893589471,67111,66620,7,0,484,1361095,,0,0.007265,69.142857
2164367423673730033,15,15,0,0,0,0,apparel.shoes,1,0.0,
2164478103445832281,22,22,0,0,0,0,apparel.shoes,1,0.0,
2164478104343413363,43,43,0,0,0,0,apparel.shoes,1,0.0,
2165087460176953468,29434,29185,13,0,236,1165747,auto.accessories.compressor,1,0.008086,18.153846
2166064855264526831,2664,2662,0,0,2,6126,apparel.jumper,1,7.51E-4,
2172371118332051820,1249,1244,0,0,5,99745,apparel.shoes,1,0.004019,
2172371122509578610,1243,1234,0,0,9,164773,apparel.shoes,1,0.007293,
2172371436436455782,285694,271716,8786,0,5192,139808230,electronics.tablet,1,0.019108,0.59094
2173216765583032544,982,981,0,0,1,10271,apparel.shirt,1,0.001019,
2175419595093967522,22149,22138,0,0,11,185797,,0,4.97E-4,
