query_product_id,query_category_code,rank,neighbor_product_id,neighbor_category_code
12600100,appliances.kitchen.grill,1,1201282,electronics.tablet
12600100,appliances.kitchen.grill,2,28704822,apparel.shoes.keds
12600100,appliances.kitchen.grill,3,13300825,
12600100,appliances.kitchen.grill,4,12706631,
12600100,appliances.kitchen.grill,5,32900003,accessories.bag
3700094,appliances.environment.vacuum,1,3400040,
3700094,appliances.environment.vacuum,2,5600019,
3700094,appliances.environment.vacuum,3,2601440,
3700094,appliances.environment.vacuum,4,5000245,appliances.sewing_machine
3700094,appliances.environment.vacuum,5,3900837,appliances.environment.water_heater
6400210,computers.components.cpu,1,26400377,
6400210,computers.components.cpu,2,1500364,computers.peripherals.printer
6400210,computers.components.cpu,3,5000549,appliances.sewing_machine
6400210,computers.components.cpu,4,2600264,
6400210,computers.components.cpu,5,2601330,
3701277,appliances.environment.vacuum,1,6800653,computers.components.hdd
3701277,appliances.environment.vacuum,2,3900080,appliances.environment.water_heater
3701277,appliances.environment.vacuum,3,5300096,
3701277,appliances.environment.vacuum,4,12707065,
3701277,appliances.environment.vacuum,5,11300005,electronics.telephone
29502741,appliances.kitchen.toster,1,18800016,auto.accessories.parktronic
29502741,appliances.kitchen.toster,2,44400132,apparel.jeans
29502741,appliances.kitchen.toster,3,11200266,appliances.personal.scales
29502741,appliances.kitchen.toster,4,5500105,
29502741,appliances.kitchen.toster,5,26600470,
1002062,electronics.smartphone,1,41100010,
1002062,electronics.smartphone,2,15200776,
1002062,electronics.smartphone,3,4300010,
1002062,electronics.smartphone,4,14700551,furniture.living_room.cabinet
1002062,electronics.smartphone,5,34800265,
5800649,electronics.audio.subwoofer,1,19500051,
5800649,electronics.audio.subwoofer,2,37900155,
5800649,electronics.audio.subwoofer,3,26500450,
5800649,electronics.audio.subwoofer,4,12700208,
5800649,electronics.audio.subwoofer,5,23900195,
6200890,appliances.environment.air_heater,1,12300266,construction.tools.drill
6200890,appliances.environment.air_heater,2,28710801,apparel.shoes
6200890,appliances.environment.air_heater,3,21407994,electronics.clocks
6200890,appliances.environment.air_heater,4,26403849,
6200890,appliances.environment.air_heater,5,23900014,
1003533,electronics.smartphone,1,26500314,
1003533,electronics.smartphone,2,26400304,
1003533,electronics.smartphone,3,15100362,
1003533,electronics.smartphone,4,1004460,electronics.smartphone
1003533,electronics.smartphone,5,26400217,
6302113,appliances.kitchen.kettle,1,28713149,apparel.shoes
6302113,appliances.kitchen.kettle,2,22700797,
6302113,appliances.kitchen.kettle,3,26403483,
6302113,appliances.kitchen.kettle,4,6800905,computers.components.hdd
6302113,appliances.kitchen.kettle,5,6600619,computers.components.memory
10400079,kids.toys,1,18300990,accessories.bag
10400079,kids.toys,2,4900420,appliances.kitchen.juicer
10400079,kids.toys,3,25900029,computers.components.cooler
10400079,kids.toys,4,23300165,
10400079,kids.toys,5,28718091,apparel.shoes.keds
5000546,appliances.sewing_machine,1,42400010,
5000546,appliances.sewing_machine,2,22000276,
5000546,appliances.sewing_machine,3,4300437,
5000546,appliances.sewing_machine,4,43900020,
5000546,appliances.sewing_machine,5,26403356,
16700027,furniture.kitchen.chair,1,22000062,
16700027,furniture.kitchen.chair,2,4802870,electronics.audio.headphone
16700027,furniture.kitchen.chair,3,10800080,
16700027,furniture.kitchen.chair,4,8800976,electronics.telephone
16700027,furniture.kitchen.chair,5,4300247,
23700120,furniture.bedroom.blanket,1,21401621,electronics.clocks
23700120,furniture.bedroom.blanket,2,28718036,apparel.shoes.keds
23700120,furniture.bedroom.blanket,3,28712976,apparel.shoes
23700120,furniture.bedroom.blanket,4,3800159,appliances.iron
23700120,furniture.bedroom.blanket,5,3900805,appliances.environment.water_heater
7004028,kids.carriage,1,6000210,auto.accessories.alarm
7004028,kids.carriage,2,8500222,
7004028,kids.carriage,3,13100402,
7004028,kids.carriage,4,13100403,
7004028,kids.carriage,5,4201136,appliances.environment.air_conditioner
5100601,electronics.clocks,1,12400121,construction.tools.drill
5100601,electronics.clocks,2,3200201,appliances.kitchen.meat_grinder
5100601,electronics.clocks,3,5100818,
5100601,electronics.clocks,4,4300291,
5100601,electronics.clocks,5,3900339,appliances.environment.water_heater
13500041,furniture.bedroom.bed,1,3900805,appliances.environment.water_heater
13500041,furniture.bedroom.bed,2,4000193,construction.tools.generator
13500041,furniture.bedroom.bed,3,19100264,construction.tools.saw
13500041,furniture.bedroom.bed,4,8200537,
13500041,furniture.bedroom.bed,5,4803427,electronics.audio.headphone
28717028,apparel.shoes.keds,1,28300489,accessories.wallet
28717028,apparel.shoes.keds,2,12700072,
28717028,apparel.shoes.keds,3,45700018,apparel.costume
28717028,apparel.shoes.keds,4,45700011,apparel.costume
28717028,apparel.shoes.keds,5,41100044,
6400259,computers.components.cpu,1,5600231,
6400259,computers.components.cpu,2,28714589,apparel.shoes.keds
6400259,computers.components.cpu,3,4000179,construction.tools.generator
6400259,computers.components.cpu,4,1201283,electronics.tablet
6400259,computers.components.cpu,5,12702845,
1201448,electronics.tablet,1,1480711,computers.desktop
1201448,electronics.tablet,2,17200225,furniture.living_room.sofa
1201448,electronics.tablet,3,14701815,furniture.living_room.cabinet
1201448,electronics.tablet,4,3601128,appliances.kitchen.washer
1201448,electronics.tablet,5,5100643,electronics.clocks
