group_key,total_revenue,purchase_count,average_revenue
2053013552259662037,11477.27,23,499.01
2053013552293216471,997.22,24,41.55
2053013552326770905,3320.78,32,103.77
2053013552351936731,1716.05,2,858.03
2053013552385491165,1511.81,23,65.73
2053013552427434207,229.55,3,76.52
2053013552469377249,45.05,1,45.05
2053013552570040549,335.54,2,167.77
2053013552662315243,72.68,4,18.17
2053013552695869677,594.07,3,198.02
2053013552737812719,32.38,2,16.19
2053013552788144369,44.07,6,7.35
2053013552821698803,284.21,9,31.58
2053013552863641845,539.39,9,59.93
2053013552888807671,189.70,8,23.71
2053013552913973497,622.36,10,62.24
2053013552955916539,2311.89,15,154.13
2053013552989470973,28.55,1,28.55
2053013553031414015,1867.43,8,233.43
2053013553056579841,2022.59,9,224.73
2053013553090134275,113.72,4,28.43
2053013553115300101,11.84,2,5.92
2053013553140465927,147.62,4,36.91
2053013553165631753,41.12,2,20.56
2053013553199186187,51.62,3,17.21
2053013553224352013,89.04,2,44.52
2053013553257906447,127.82,4,31.96
2053013553283072273,61.24,1,61.24
2053013553316626707,370.15,2,185.08
2053013553341792533,44798.01,136,329.40
2053013553375346967,2446.32,84,29.12
2053013553484398879,2285.44,27,84.65
2053013553526341921,3960.97,20,198.05
2053013553559896355,27433.36,429,63.95
2053013553853497655,4855.49,53,91.61
2053013553912217915,733.60,4,183.40
2053013553945772349,3150.94,31,101.64
2053013553970938175,3997.50,42,95.18
2053013554004492609,13.81,3,4.60
2053013554071601477,139.90,3,46.63
2053013554096767303,111.84,3,37.28
2053013554121933129,178.51,1,178.51
2053013554155487563,60.68,1,60.68
2053013554189041997,393.37,7,56.20
2053013554222596431,534.01,6,89.00
2053013554247762257,3230.48,8,403.81
2053013554415534427,94348.45,228,413.81
2053013554449088861,303.67,3,101.22
2053013554474254687,496.49,5,99.30
2053013554499420513,231.41,1,231.41
2053013554524586339,1277.20,7,182.46
2053013554566529381,185.58,7,26.51
2053013554591695207,1666.20,3,555.40
2053013554625249641,2158.40,20,107.92
2053013554658804075,31402.27,270,116.30
2053013554692358509,37.32,1,37.32
2053013554725912943,61.75,1,61.75
2053013554751078769,2437.21,8,304.65
2053013554776244595,2287.52,32,71.49
2053013554834964853,825.38,22,37.52
2053013554960793975,174.14,5,34.83
2053013554994348409,377.01,9,41.89
2053013555036291451,43.42,3,14.47
2053013555069845885,527.25,13,40.56
2053013555095011711,200.65,4,50.16
2053013555120177537,173.94,2,86.97
2053013555220840837,326.46,4,81.62
2053013555262783879,2324.81,32,72.65
2053013555287949705,1454.13,6,242.36
2053013555321504139,2316.62,26,89.10
2053013555355058573,1850.30,21,88.11
2053013555380224399,212.33,1,212.33
2053013555413778833,229.94,3,76.65
2053013555438944659,73.91,3,24.64
2053013555464110485,1240.46,9,137.83
2053013555531219353,111.17,2,55.59
2053013555573162395,1148.78,29,39.61
2053013555631882655,1565282.93,3387,462.14
2053013555782877609,141.57,1,141.57
2053013555816432043,1550.89,5,310.18
2053013556110033341,50.84,1,50.84
2053013556168753601,8309.14,77,107.91
2053013556202308035,1246.53,13,95.89
2053013556227473861,596.92,4,149.23
2053013556252639687,613.98,7,87.71
2053013556277805513,663.65,9,73.74
2053013556311359947,1480.02,20,74.00
2053013556344914381,75.58,7,10.80
2053013556462354899,661.40,11,60.13
2053013556487520725,617.51,8,77.19
2053013556579795419,182.90,3,60.97
2053013557024391671,12914.05,32,403.56
2053013557066334713,226.49,1,226.49
2053013557133443581,4910.06,18,272.78
2053013557166998015,2013.71,16,125.86
2053013557192163841,2396.07,8,299.51
2053013557343158789,428.30,8,53.54
2053013557418656265,153.67,2,76.84
2053013557452210699,1085.30,4,271.33
2053013557544485393,2910.94,2,1455.47
2053013557569651219,116.61,3,38.87
2053013557603205653,792.36,6,132.06
2053013557645148695,427.41,1,427.41
2053013557670314521,1556.84,9,172.98
2053013558031024687,635.59,11,57.78
2053013558098133555,10.79,1,10.79
2053013558131687989,240.61,8,30.08
2053013558156853815,72.05,1,72.05
2053013558190408249,588.07,22,26.73
2053013558223962683,127.67,4,31.92
2053013558249128509,369.99,5,74.00
2053013558316237377,67.44,1,67.44
2053013558391734853,353.14,2,176.57
2053013558433677895,95.76,1,95.76
2053013558458843721,101.41,6,16.90
2053013558492398155,15.42,1,15.42
2053013558525952589,297.10,12,24.76
2053013558727279193,7.92,1,7.92
2053013558752445019,102.45,7,14.64
2053013558836331105,40.07,3,13.36
2053013558861496931,15.70,1,15.70
2053013558895051365,18.62,2,9.31
2053013558920217191,87756.13,148,592.95
2053013558945383017,104.11,5,20.82
2053013558978937451,1.62,1,1.62
2053013559104766575,20.16,2,10.08
2053013559473865347,45.02,2,22.51
2053013559515808389,167.31,1,167.31
2053013559641637517,854.28,1,854.28
2053013559675191951,481.27,4,120.32
2053013559708746385,643.26,1,643.26
2053013559733912211,1526.30,8,190.79
2053013559792632471,10068.86,16,629.30
2053013559868129947,1549.04,14,110.65
2053013559901684381,190.11,6,31.69
2053013559985570467,445.06,1,445.06
2053013560086233771,284.07,3,94.69
2053013560111399597,172.64,2,86.32
2053013560144954031,1023.04,7,146.15
2053013560178508465,1227.98,4,307.00
2053013560287560373,1342.13,8,167.77
2053013560312726199,502.50,7,71.79
2053013560346280633,3270.34,25,130.81
2053013560413389501,110.66,1,110.66
2053013560463721151,112.20,2,56.10
2053013560497275585,2801.53,4,700.38
2053013560530830019,2046.67,5,409.33
2053013560555995845,8589.95,11,780.90
2053013560807654091,3313.99,26,127.46
2053013560841208525,308.73,2,154.37
2053013560866374351,486.10,6,81.02
2053013560899928785,5064.51,41,123.52
2053013561059312345,4062.34,4,1015.59
2053013561092866779,8132.26,12,677.69
2053013561126421213,167.25,3,55.75
2053013561159975647,333.52,6,55.59
2053013561185141473,2044.81,2,1022.41
2053013561218695907,15871.00,42,377.88
2053013561243861733,27.52,3,9.17
2053013561277416167,781.15,17,45.95
2053013561453576945,192.78,2,96.39
2053013561579406073,5250.83,46,114.15
2053013561604571899,17.54,1,17.54
2053013561780732677,8.47,1,8.47
2053013561814287111,16.99,1,16.99
2053013561847841545,34.22,1,34.22
2053013561914950413,8.55,1,8.55
2053013561956893455,251.44,8,31.43
2053013561982059281,18.66,1,18.66
2053013562082722579,16.98,1,16.98
2053013562149831447,45.95,1,45.95
2053013562183385881,4.41,2,2.21
2053013562250494749,56.45,3,18.82
2053013562292437791,92.36,2,46.18
2053013562325992225,5.15,1,5.15
2053013562359546659,23.17,1,23.17
2053013562560873263,3.96,1,3.96
2053013562611204913,22.17,3,7.39
2053013562644759347,4.52,1,4.52
2053013562778977083,83.63,8,10.45
2053013562812531517,38.06,5,7.61
2053013562837697343,140.08,15,9.34
2053013562871251777,90.07,1,90.07
2053013562913194819,650.32,5,130.06
2053013562946749253,294.89,12,24.57
2053013563097744201,226.17,6,37.70
2053013563139687243,181.95,5,36.39
2053013563173241677,3035.37,69,43.99
2053013563215184719,2.83,1,2.83
2053013563332625239,23.68,1,23.68
2053013563391345499,38.59,1,38.59
2053013563424899933,2641.25,5,528.25
2053013563483620193,68.22,2,34.11
2053013563517174627,380.27,6,63.38
2053013563550729061,3110.47,12,259.21
2053013563584283495,24075.45,51,472.07
2053013563651392361,26487.95,135,196.21
2053013563693335403,13532.41,71,190.60
2053013563718501229,33.44,1,33.44
2053013563743667055,1219.26,9,135.47
2053013563768832881,514.56,1,514.56
2053013563810775923,56226.53,188,299.08
2053013563835941749,6710.79,27,248.55
2053013563877884791,1356.48,8,169.56
2053013563911439225,28821.07,77,374.30
2053013563944993659,3095.59,9,343.95
2053013563970159485,9223.12,45,204.96
2053013564003713919,1083.33,18,60.19
2053013564154708873,672.60,3,224.20
2053013564599305123,803.33,3,267.78
2053013564641248165,3052.81,5,610.56
2053013564741911467,59.20,1,59.20
2053013564918072245,681.50,7,97.36
2053013565069067197,1769.80,21,84.28
2053013565228450757,1108.14,14,79.15
2053013565253616583,100.39,1,100.39
2053013565362668491,97.56,1,97.56
2053013565480109009,313.25,7,44.75
2053013565639492569,768.37,9,85.37
2053013565782098913,1145.46,14,81.82
2053013565983425517,18648.42,126,148.00
2053013566033757167,267.47,9,29.72
2053013566067311601,912.71,2,456.36
2053013566100866035,3573.84,15,238.26
2053013566142809077,1556.08,13,119.70
2053013566176363511,2532.19,43,58.89
2053013566209917945,365.01,6,60.84
2053013566243472379,65.64,2,32.82
2053013566344134657,181.85,3,60.62
2053013566377689091,16.73,2,8.37
2053013566411243525,12.61,1,12.61
2053013566453186567,88.67,3,29.56
2053013566478352393,127.41,2,63.71
2053013566562238479,42.34,2,21.17
2053013566587404305,61.26,1,61.26
2055156895844401457,18.02,1,18.02
2055156924273394455,1268.06,4,317.02
2055156924407612189,12.19,1,12.19
2059484387635888645,716.72,4,179.18
2059484599339188409,98.84,1,98.84
2059484599414685885,120.18,2,60.09
2059484601444729123,1415.74,1,1415.74
2060237588744111062,164.10,1,164.10
2061717937420501730,355.35,3,118.45
2061717948468297988,19.31,1,19.31
2061717948493463814,9.10,1,9.10
2062461754293617058,656.50,11,59.68
2070005009382114061,17.16,1,17.16
2070747673358500784,12.59,1,12.59
2071490004441367490,47.24,3,15.75
2075962341748376288,22.29,1,22.29
2076715364204413467,16.73,1,16.73
2078957452635668734,14.67,1,14.67
2078957452669223168,42.05,2,21.03
2079713971606127501,8.78,1,8.78
2079713982830084515,180.42,1,180.42
2080463777567867259,11.21,1,11.21
2080463777718862211,5.42,1,5.42
2084217994270999025,633.87,6,105.65
2084962304016777941,136.43,1,136.43
2085718636156158307,361.61,5,72.32
2086471240842740173,29.60,1,29.60
2088750507198775704,15.19,1,15.19
2089490106086851034,308.89,1,308.89
2090228401527849663,28.27,2,14.14
2090971680783466556,903.50,2,451.75
2090971686529663114,126.31,3,42.10
2094006184079000416,84.94,1,84.94
2094006249627582860,25.48,1,25.48
2095518921321874323,759.61,6,126.60
2096280538292683405,63.66,2,31.83
2096280601366626625,173.22,4,43.31
2097815753423061045,41.16,1,41.16
2098563440799908223,123.04,1,123.04
2098563450757186313,4.87,1,4.87
2099306010899383229,94.00,1,94.00
2100825583029060150,57.40,1,57.40
2102307650380235197,604.29,3,201.43
2103807459595387724,11.14,1,11.14
2105319819401232597,1595.27,2,797.64
2106075662325383725,520.20,5,104.04
2109094148110811752,27.54,1,27.54
2110937223082804123,117.56,2,58.78
2113934850560885372,42.33,1,42.33
2116907507795361987,89.35,1,89.35
2116907519078040377,455.36,6,75.89
2116907524379639897,59.20,1,59.20
2116907524572577889,69.50,1,69.50
2116907525176557699,2210.56,8,276.32
2119910569631810087,206.96,1,206.96
2126679652444405974,31.65,1,31.65
2126679654801604876,3.69,1,3.69
2127425430859285014,4.63,1,4.63
2127425436764865054,1431.31,11,130.12
2127425438190928416,89.29,1,89.29
2127425440925614628,159.57,2,79.79
2134904980736311929,22.30,2,11.15
2134905041696326587,720.74,1,720.74
2134905044766557181,414.17,2,207.09
2134905044833666047,378.63,3,126.21
2135658542781170420,115.83,1,115.83
2139150089359196199,11.39,1,11.39
2144356630513320518,4517.48,3,1505.83
2146660887203676486,51.48,1,51.48
2151563850841850061,16.96,1,16.96
2164367422893589471,158.56,6,26.43
2165087460176953468,109.88,2,54.94
2172371436436455782,16014.76,56,285.98
