event_date,event_hour,events,views,carts,removes,purchases,revenue_minor,distinct_users
2019-10-01,0,1083,1070,3,0,10,238784,383
2019-10-01,1,121,121,0,0,0,0,102
2019-10-01,2,22886,22326,244,0,316,8553396,5378
2019-10-01,3,49409,47951,613,0,845,25205018,10514
2019-10-01,4,55290,53390,879,0,1021,31666479,11933
2019-10-01,5,63646,61234,1136,0,1276,40425206,13561
2019-10-01,6,66211,63713,1105,0,1393,41938555,14092
2019-10-01,7,71138,68550,1179,0,1409,44642580,15292
2019-10-01,8,73621,70767,1390,0,1464,48922804,15822
2019-10-01,9,71288,68482,1328,0,1478,50407447,15012
2019-10-01,10,66044,63570,1135,0,1339,47325818,14118
2019-10-01,11,64373,62162,1007,0,1204,37691334,13773
2019-10-01,12,62995,60799,1076,0,1120,39469253,13602
2019-10-01,13,66777,64772,950,0,1055,35467113,14366
2019-10-01,14,78901,76990,894,0,1017,32017093,15812
2019-10-01,15,93322,91425,912,0,985,28823230,17540
2019-10-01,16,99134,97348,825,0,961,32025859,17082
2019-10-01,17,86017,84483,731,0,803,24767546,14592
2019-10-01,18,63538,62442,488,0,608,22014694,10191
2019-10-01,19,40571,39819,330,0,422,15156708,6153
2019-10-01,20,20944,20512,181,0,251,8941687,3258
2019-10-01,21,13093,12807,122,0,164,6344911,1850
2019-10-01,22,7532,7349,81,0,102,3387248,1129
2019-10-01,23,6311,6198,49,0,64,2163638,1121
2019-10-02,0,10138,9971,73,0,94,3101698,2050
2019-10-02,1,19395,19073,139,0,183,5874704,4382
2019-10-02,2,33131,32369,337,0,425,11203467,7391
2019-10-02,3,44678,43180,674,0,824,22793519,10075
2019-10-02,4,55812,53858,839,0,1115,31919726,12171
2019-10-02,5,61226,58850,1061,0,1315,42341717,13306
2019-10-02,6,65727,63032,1237,0,1458,48174403,14187
2019-10-02,7,65572,63071,1171,0,1330,41479234,14463
2019-10-02,8,67105,64541,1244,0,1320,40522150,14594
2019-10-02,9,68505,65571,1346,0,1588,52510439,14625
2019-10-02,10,64739,61946,1326,0,1467,49267317,13876
2019-10-02,11,57813,55645,1004,0,1164,37108321,12408
2019-10-02,12,57054,54959,1033,0,1062,36972507,12470
2019-10-02,13,62933,61004,1006,0,923,32142397,13330
2019-10-02,14,75267,73397,899,0,971,30539637,15217
2019-10-02,15,85231,83353,855,0,1023,30224468,16035
2019-10-02,16,88228,86399,910,0,919,26887900,15660
2019-10-02,17,77634,76046,744,0,844,28025685,13046
2019-10-02,18,55299,54271,511,0,517,16802830,9068
2019-10-02,19,33275,32459,386,0,430,15834641,5298
2019-10-02,20,18652,18275,184,0,193,7856696,2891
2019-10-02,21,11120,10854,114,0,152,4600324,1682
2019-10-02,22,6954,6751,114,0,89,3054719,1040
2019-10-02,23,5840,5716,61,0,63,2124354,967
2019-10-03,0,9054,8866,90,0,98,2846629,1722
2019-10-03,1,10908,10680,115,0,113,3468560,2640
2019-10-03,2,29792,28981,383,0,428,11545619,6519
2019-10-03,3,42248,40680,689,0,879,27088273,9175
2019-10-03,4,51558,49480,1008,0,1070,32655986,11231
2019-10-03,5,55954,53689,1078,0,1187,39037569,12095
2019-10-03,6,59365,56794,1214,0,1357,43537141,12503
2019-10-03,7,59765,57179,1313,0,1273,40947828,12800
2019-10-03,8,62224,59421,1333,0,1470,46451040,13535
2019-10-03,9,60235,57401,1375,0,1459,47909753,12851
2019-10-03,10,57150,54654,1193,0,1303,42502568,12250
2019-10-03,11,55258,53012,1067,0,1179,38454933,11972
2019-10-03,12,53511,51514,1014,0,983,31343201,11543
2019-10-03,13,57469,55605,891,0,973,31845633,12367
2019-10-03,14,67975,66194,884,0,897,28327873,13770
2019-10-03,15,83814,81981,879,0,954,30810633,15567
2019-10-03,16,86262,84521,935,0,806,26577151,15176
2019-10-03,17,76520,75087,653,0,780,25533492,13028
2019-10-03,18,61792,59693,1293,0,806,27235568,9639
2019-10-03,19,39127,37759,852,0,516,18442970,5802
2019-10-03,20,20502,19724,467,0,311,10704656,3072
2019-10-03,21,12195,11756,260,0,179,7958490,1796
2019-10-03,22,7979,7701,169,0,109,4373626,1142
2019-10-03,23,6646,6353,168,0,125,3779106,1002
2019-10-04,0,10372,10012,242,0,118,3589034,1998
2019-10-04,1,20379,19667,438,0,274,8287550,4354
2019-10-04,2,28879,27433,931,0,515,14783509,6344
2019-10-04,3,55282,52452,1694,0,1136,31781969,11322
2019-10-04,4,64647,61015,2192,0,1440,40424632,13231
2019-10-04,5,69443,65511,2312,0,1620,47585329,13953
2019-10-04,6,68258,64226,2365,0,1667,54276034,14007
2019-10-04,7,72061,68108,2288,0,1665,49020195,15141
2019-10-04,8,75469,70853,2779,0,1837,56576377,15829
2019-10-04,9,84234,78726,3380,0,2128,75312733,17727
2019-10-04,10,83326,78160,3188,0,1978,65909770,17724
2019-10-04,11,81067,75980,3181,0,1906,64937177,17613
2019-10-04,12,80197,75185,3215,0,1797,59127381,17712
2019-10-04,13,89235,84231,3214,0,1790,61038988,18771
2019-10-04,14,91704,87641,2657,0,1406,48297530,17907
2019-10-04,15,95739,92143,2294,0,1302,39435802,17777
2019-10-04,16,98674,95168,2246,0,1260,38164734,17020
2019-10-04,17,88224,85215,1931,0,1078,34879795,14821
2019-10-04,18,63228,61234,1233,0,761,22843541,10490
2019-10-04,19,42370,40872,909,0,589,19416019,6650
2019-10-04,20,24844,23977,531,0,336,10388963,3938
2019-10-04,21,13643,13139,288,0,216,7475004,2204
2019-10-04,22,8712,8398,194,0,120,4096797,1395
2019-10-04,23,7203,6974,127,0,102,4719584,1137
2019-10-05,0,10230,9950,162,0,118,3860439,1924
2019-10-05,1,20607,19964,402,0,241,7708513,4147
2019-10-05,2,37483,36246,785,0,452,12514775,7305
2019-10-05,3,50960,48518,1474,0,968,28412857,10170
2019-10-05,4,62242,58746,2053,0,1443,43812995,12499
2019-10-05,5,67421,63455,2434,0,1532,46974047,13590
2019-10-05,6,71038,66911,2479,0,1648,53774988,14632
2019-10-05,7,73592,69132,2606,0,1854,55793461,15191
2019-10-05,8,74264,69756,2709,0,1799,58358384,15412
2019-10-05,9,72218,67967,2522,0,1729,54489792,14788
2019-10-05,10,71493,67613,2251,0,1629,51554527,14975
2019-10-05,11,68658,64939,2277,0,1442,47960855,14371
2019-10-05,12,66649,63506,1877,0,1266,41956669,13934
2019-10-05,13,69510,66659,1715,0,1136,37201421,14215
2019-10-05,14,78636,75678,1851,0,1107,34654197,15252
2019-10-05,15,86064,83462,1574,0,1028,26990171,16131
2019-10-05,16,91265,88573,1677,0,1015,30028355,16255
2019-10-05,17,85094,82660,1471,0,963,28834658,14425
2019-10-05,18,65573,63494,1294,0,785,24157331,10734
2019-10-05,19,44923,43644,772,0,507,16785888,7116
2019-10-05,20,28177,27255,538,0,384,13804546,4490
2019-10-05,21,16542,16043,273,0,226,6402406,2627
2019-10-05,22,10114,9807,162,0,145,5729133,1652
2019-10-05,23,7586,7370,139,0,77,2399283,1254
2019-10-06,0,9156,8991,91,0,74,2553481,1739
2019-10-06,1,18476,18059,256,0,161,3899055,3601
2019-10-06,2,32873,31949,540,0,384,9847197,6433
2019-10-06,3,40805,38970,1139,0,696,20290283,8392
2019-10-06,4,59743,56929,1658,0,1156,34666047,12091
2019-10-06,5,67600,63887,2193,0,1520,42924956,13726
2019-10-06,6,75955,71958,2445,0,1552,46230542,15110
2019-10-06,7,75808,71620,2513,0,1675,50830803,15707
2019-10-06,8,74898,70725,2475,0,1698,50811515,15277
2019-10-06,9,74831,70606,2523,0,1702,52710823,14967
2019-10-06,10,72309,68288,2415,0,1606,50501004,14917
2019-10-06,11,71006,67276,2210,0,1520,46556007,14462
2019-10-06,12,70287,66819,2102,0,1366,42542601,14118
2019-10-06,13,69859,67168,1607,0,1084,33413648,14383
2019-10-06,14,79276,76395,1852,0,1029,34323006,15523
2019-10-06,15,87540,84593,1819,0,1128,32334014,16333
2019-10-06,16,96554,93811,1606,0,1137,31712416,16773
2019-10-06,17,86569,84278,1372,0,919,27734736,14515
2019-10-06,18,64930,63691,553,0,686,22007685,10680
2019-10-06,19,39325,38518,344,0,463,15529520,6418
2019-10-06,20,22012,21610,169,0,233,6802278,3584
2019-10-06,21,13881,13583,118,0,180,7275444,2030
2019-10-06,22,7975,7795,79,0,101,4267479,1269
2019-10-06,23,6711,6543,67,0,101,4001538,1132
2019-10-07,0,9277,9106,68,0,103,3338527,2043
2019-10-07,1,18562,18234,144,0,184,5357939,4438
2019-10-07,2,31501,30802,305,0,394,11856188,7479
2019-10-07,3,45164,43629,694,0,841,23380749,10457
2019-10-07,4,54893,52658,962,0,1273,34766753,12494
2019-10-07,5,59700,57059,1280,0,1361,41168649,13016
2019-10-07,6,61629,58860,1300,0,1469,44484328,13638
2019-10-07,7,64823,61828,1392,0,1603,48539311,14272
2019-10-07,8,66926,64060,1276,0,1590,45578726,14416
2019-10-07,9,65762,62814,1309,0,1639,51009122,13801
2019-10-07,10,63972,61180,1278,0,1514,45175189,13643
2019-10-07,11,60187,57718,1087,0,1382,41054153,12984
2019-10-07,12,56628,54399,1057,0,1172,35472219,12621
2019-10-07,13,64131,62005,973,0,1153,33187899,13715
2019-10-07,14,76433,74397,1010,0,1026,28892108,15104
2019-10-07,15,90321,88235,976,0,1110,31825462,16988
2019-10-07,16,90807,88869,928,0,1010,27812155,16297
2019-10-07,17,79395,77828,697,0,870,26785230,13666
2019-10-07,18,59822,58585,550,0,687,20086795,9961
2019-10-07,19,37746,36997,331,0,418,13979020,5988
2019-10-07,20,19608,19102,229,0,277,11021797,3142
2019-10-07,21,10122,9893,88,0,141,4866917,1661
2019-10-07,22,6836,6692,65,0,79,2986661,1038
2019-10-07,23,6286,6151,53,0,82,2193009,1071
2019-10-08,0,9063,8948,51,0,64,2041409,2005
2019-10-08,1,20054,19680,169,0,205,4682386,4562
2019-10-08,2,33845,33024,328,0,493,13428762,7597
2019-10-08,3,46054,44309,826,0,919,28741821,10186
2019-10-08,4,56853,54608,990,0,1255,37198231,12907
2019-10-08,5,68874,66269,1098,0,1507,42598215,15760
2019-10-08,6,76175,73283,1277,0,1615,47312287,17626
2019-10-08,7,79633,76738,1217,0,1678,50060652,17914
2019-10-08,8,78917,75847,1386,0,1684,51054489,17844
2019-10-08,9,78766,75503,1434,0,1829,55174186,17238
2019-10-08,10,73940,71171,1171,0,1598,45166237,16527
2019-10-08,11,71947,69341,1177,0,1429,43215179,16093
2019-10-08,12,70426,67954,1120,0,1352,38433704,15874
2019-10-08,13,79332,77015,1093,0,1224,36085522,17615
2019-10-08,14,88644,86530,952,0,1162,33843839,18063
2019-10-08,15,96501,94382,998,0,1121,30241743,18686
2019-10-08,16,101007,98919,953,0,1135,31721070,18215
2019-10-08,17,88401,86634,800,0,967,28014350,15276
2019-10-08,18,65381,64092,555,0,734,23380883,10960
2019-10-08,19,39421,38558,351,0,512,18114656,6437
2019-10-08,20,20995,20560,190,0,245,8308643,3513
2019-10-08,21,12021,11727,139,0,155,6427731,1917
2019-10-08,22,8131,7895,118,0,118,3798079,1217
2019-10-08,23,6252,6132,49,0,71,2939154,1116
2019-10-09,0,10387,10242,64,0,81,2040314,2149
2019-10-09,1,20679,20294,186,0,199,4926998,4932
2019-10-09,2,35600,34748,374,0,478,12786722,8160
2019-10-09,3,49522,47813,734,0,975,28030045,11021
2019-10-09,4,61649,59369,969,0,1311,37911129,13625
2019-10-09,5,71030,68373,1156,0,1501,44402827,15604
2019-10-09,6,73472,70499,1301,0,1672,47459554,16371
2019-10-09,7,76185,73176,1298,0,1711,54059224,17484
2019-10-09,8,77976,74840,1428,0,1708,49348063,17563
2019-10-09,9,76989,73809,1455,0,1725,54608891,16714
2019-10-09,10,74274,71362,1293,0,1619,51501492,16038
2019-10-09,11,69825,67398,1111,0,1316,39883851,15164
2019-10-09,12,66916,64530,1120,0,1266,39545963,14881
2019-10-09,13,72400,70048,1120,0,1232,36604408,15437
2019-10-09,14,82296,80227,969,0,1100,32397831,16649
2019-10-09,15,96431,94267,1021,0,1143,35220850,18147
2019-10-09,16,95042,93155,838,0,1049,29561428,17368
2019-10-09,17,85195,83615,712,0,868,25328299,14619
2019-10-09,18,63242,61989,536,0,717,19988232,10867
2019-10-09,19,38992,38230,326,0,436,15420500,6507
2019-10-09,20,21670,21188,202,0,280,10207536,3537
2019-10-09,21,12530,12295,82,0,153,6728914,1976
2019-10-09,22,8340,8125,84,0,131,5173056,1281
2019-10-09,23,6901,6771,53,0,77,2414986,1252
2019-10-10,0,10639,10484,67,0,88,2806048,2357
2019-10-10,1,16159,15831,183,0,145,4232530,4325
2019-10-10,2,35808,34955,377,0,476,12729492,8410
2019-10-10,3,50353,48694,727,0,932,27753230,11498
2019-10-10,4,61166,58929,1007,0,1230,34333838,13652
2019-10-10,5,64170,61598,1159,0,1413,43020384,14504
2019-10-10,6,66183,63364,1287,0,1532,44954345,14664
2019-10-10,7,67395,64398,1380,0,1617,49076379,15071
2019-10-10,8,69112,66115,1362,0,1635,48660048,15146
2019-10-10,9,66801,63962,1374,0,1465,43077982,14356
2019-10-10,10,62973,60281,1246,0,1446,46234381,14042
2019-10-10,11,61800,59362,1164,0,1274,40834671,13936
2019-10-10,12,57946,55788,1039,0,1119,36100970,13377
2019-10-10,13,68626,66482,1046,0,1098,33739560,15161
2019-10-10,14,81229,79181,953,0,1095,33769271,16887
2019-10-10,15,93426,91170,1084,0,1172,31385616,18225
2019-10-10,16,96383,94435,883,0,1065,31907126,17616
2019-10-10,17,86356,84710,756,0,890,26278161,15327
2019-10-10,18,67963,66361,761,0,841,24601169,11642
2019-10-10,19,43438,42433,417,0,588,20063819,7109
2019-10-10,20,24784,24164,281,0,339,11153259,3957
2019-10-10,21,14213,13766,195,0,252,9417397,2370
2019-10-10,22,9427,9082,157,0,188,7490681,1571
2019-10-10,23,7727,7542,92,0,93,2939729,1394
2019-10-11,0,11965,11729,95,0,141,4426650,2709
2019-10-11,1,23866,23302,287,0,277,7108370,5573
2019-10-11,2,37494,36476,459,0,559,15520670,8842
2019-10-11,3,55542,53505,904,0,1133,33516956,12571
2019-10-11,4,67181,64514,1132,0,1535,44257563,15668
2019-10-11,5,78637,75340,1471,0,1826,51956287,17967
2019-10-11,6,83501,80035,1594,0,1872,52580397,18702
2019-10-11,7,80918,77222,1825,0,1871,53043843,18314
2019-10-11,8,84183,80902,1452,0,1829,56804195,18501
2019-10-11,9,85433,81777,1720,0,1936,55823356,18180
2019-10-11,10,79795,76690,1355,0,1750,51391872,17352
2019-10-11,11,77983,75004,1288,0,1691,49003604,16933
2019-10-11,12,74472,71970,1124,0,1378,42103258,16317
2019-10-11,13,86093,83514,1191,0,1388,43188388,18060
2019-10-11,14,99806,97393,1113,0,1300,37313779,19476
2019-10-11,15,104652,102252,1095,0,1305,36020737,18808
2019-10-11,16,103219,101005,976,0,1238,36119283,17844
2019-10-11,17,90579,88720,808,0,1051,31696739,14977
2019-10-11,18,69347,67903,619,0,825,26947984,11049
2019-10-11,19,43612,42770,340,0,502,16317592,6936
2019-10-11,20,25040,24449,233,0,358,11164508,3994
2019-10-11,21,15670,15225,210,0,235,7610338,2274
2019-10-11,22,9446,9214,97,0,135,4508749,1481
2019-10-11,23,6909,6758,62,0,89,3195737,1285
2019-10-12,0,10338,10112,112,0,114,5663390,1942
2019-10-12,1,22980,22569,199,0,212,5757143,4282
2019-10-12,2,39489,38664,411,0,414,10333391,7837
2019-10-12,3,55775,53934,817,0,1024,26752099,11241
2019-10-12,4,71308,68801,1082,0,1425,37493021,14545
2019-10-12,5,82937,79787,1438,0,1712,44899753,16892
2019-10-12,6,84369,81173,1363,0,1833,52009307,17612
2019-10-12,7,85818,82284,1582,0,1952,56560104,17516
2019-10-12,8,84794,81181,1643,0,1970,61164541,17262
2019-10-12,9,79553,76085,1617,0,1851,58264179,15973
2019-10-12,10,78820,75623,1485,0,1712,50562152,15296
2019-10-12,11,77047,74092,1330,0,1625,46187371,15140
2019-10-12,12,74054,71441,1173,0,1440,41902853,14786
2019-10-12,13,75669,73234,1114,0,1321,38189311,14925
2019-10-12,14,85006,82860,951,0,1195,33092439,16179
2019-10-12,15,96694,94506,962,0,1226,33013194,16988
2019-10-12,16,101139,99098,916,0,1125,29354421,17377
2019-10-12,17,93786,91831,853,0,1102,30334342,15210
2019-10-12,18,68609,67084,701,0,824,27193636,11355
2019-10-12,19,46717,45818,382,0,517,16943905,7462
2019-10-12,20,29035,28483,202,0,350,10578928,4384
2019-10-12,21,17800,17436,157,0,207,7302530,2559
2019-10-12,22,10559,10311,110,0,138,4474579,1684
2019-10-12,23,7600,7425,91,0,84,2742568,1303
2019-10-13,0,8748,8550,104,0,94,3790928,1603
2019-10-13,1,18396,18047,154,0,195,4989698,3448
2019-10-13,2,36766,35976,355,0,435,10998006,6835
2019-10-13,3,55151,53609,674,0,868,27370717,10805
2019-10-13,4,71403,68952,1101,0,1350,38048006,13806
2019-10-13,5,77583,74662,1219,0,1702,46755182,15495
2019-10-13,6,82164,78967,1412,0,1785,48317430,16465
2019-10-13,7,97515,93878,1563,0,2074,55968128,20100
2019-10-13,8,108000,103772,1873,0,2355,64929541,22069
2019-10-13,9,112539,108043,2056,0,2440,72614057,22411
2019-10-13,10,113215,108724,2041,0,2450,70144965,22262
2019-10-13,11,97079,93396,1613,0,2070,55760300,18809
2019-10-13,12,85102,81987,1330,0,1785,49354418,16679
2019-10-13,13,88149,85258,1249,0,1642,44554712,17040
2019-10-13,14,94476,91986,1031,0,1459,35443554,17832
2019-10-13,15,104344,101758,1120,0,1466,41423259,18454
2019-10-13,16,108415,105901,1029,0,1485,38693655,18032
2019-10-13,17,99370,97119,905,0,1346,36385348,15551
2019-10-13,18,74917,72516,1499,0,902,34588096,11938
2019-10-13,19,47029,45174,1111,0,744,29696180,7142
2019-10-13,20,26755,25713,621,0,421,15383904,3885
2019-10-13,21,15725,15082,394,0,249,10411342,2220
2019-10-13,22,8824,8452,228,0,144,6095880,1331
2019-10-13,23,7406,7155,151,0,100,4043343,1092
2019-10-14,0,10611,10313,185,0,113,3800165,2043
2019-10-14,1,20355,19658,474,0,223,7686869,4358
2019-10-14,2,37028,35459,982,0,587,18166449,7768
2019-10-14,3,54030,51085,1779,0,1166,37899641,11423
2019-10-14,4,68497,64442,2362,0,1693,52649471,14159
2019-10-14,5,72761,68361,2625,0,1775,54496269,15132
2019-10-14,6,76648,72050,2833,0,1765,56910152,16145
2019-10-14,7,77826,72896,3029,0,1901,62428347,16679
2019-10-14,8,81289,75688,3416,0,2185,73808768,16659
2019-10-14,9,82554,76808,3376,0,2370,76437030,16788
2019-10-14,10,78608,73453,3031,0,2124,69696797,16319
2019-10-14,11,72607,67899,2836,0,1872,63558514,15078
2019-10-14,12,71176,66963,2591,0,1622,55510969,15101
2019-10-14,13,80372,76360,2505,0,1507,52685238,16481
2019-10-14,14,95187,91297,2508,0,1382,44664824,18149
2019-10-14,15,108521,104517,2615,0,1389,42789816,19234
2019-10-14,16,107768,103919,2494,0,1355,43918831,18953
2019-10-14,17,95195,92083,1946,0,1166,37099625,15667
2019-10-14,18,70015,67766,1357,0,892,31162583,10978
2019-10-14,19,41845,40449,812,0,584,21775018,6151
2019-10-14,20,23033,22272,457,0,304,11716483,3582
2019-10-14,21,13399,12882,303,0,214,9614396,1970
2019-10-14,22,8512,8179,187,0,146,5273259,1215
2019-10-14,23,6865,6640,155,0,70,1919651,1092
2019-10-15,0,10837,10490,234,0,113,4424686,2066
2019-10-15,1,20448,19819,415,0,214,6969297,4470
2019-10-15,2,37950,36547,885,0,518,15359717,7891
2019-10-15,3,52510,49687,1682,0,1141,34063484,11147
2019-10-15,4,64930,61179,2257,0,1494,44432207,13584
2019-10-15,5,74147,69797,2583,0,1767,58271210,15749
2019-10-15,6,83503,78191,3245,0,2067,69076354,17746
2019-10-15,7,88921,83538,3331,0,2052,67309878,18807
2019-10-15,8,90982,85281,3450,0,2251,71889315,18906
2019-10-15,9,90734,84797,3896,0,2041,69351219,18822
2019-10-15,10,87361,82260,3650,0,1451,50496448,18262
2019-10-15,11,83196,78551,3320,0,1325,43817150,17715
2019-10-15,12,82241,77606,3401,0,1234,41296185,17890
2019-10-15,13,91573,87184,3274,0,1115,38354834,19376
2019-10-15,14,102932,98513,3367,0,1052,34168222,20034
2019-10-15,15,109122,105012,2662,0,1448,45706595,20424
2019-10-15,16,111779,107910,2377,0,1492,42686216,19779
2019-10-15,17,92170,89003,2029,0,1138,37330947,15841
2019-10-15,18,70737,68311,1457,0,969,34515194,11422
2019-10-15,19,45097,43474,970,0,653,24980066,6958
2019-10-15,20,23298,22390,503,0,405,14673262,3514
2019-10-15,21,12897,12395,286,0,216,8245131,1923
2019-10-15,22,7603,7372,141,0,90,3544950,1155
2019-10-15,23,7257,6998,133,0,126,4343962,1151
2019-10-16,0,11413,11081,203,0,129,4329495,2179
2019-10-16,1,22572,21847,475,0,250,7042595,4720
2019-10-16,2,37867,36386,880,0,601,16383992,8134
2019-10-16,3,56291,53525,1607,0,1159,36002613,11788
2019-10-16,4,67615,63946,2076,0,1593,47835787,14266
2019-10-16,5,73492,68989,2674,0,1829,55468486,15097
2019-10-16,6,77593,72831,2803,0,1959,60776456,16866
2019-10-16,7,83560,78229,3164,0,2167,64460381,18267
2019-10-16,8,89030,83465,3298,0,2267,71292052,19056
2019-10-16,9,89151,83279,3311,0,2561,81867431,18507
2019-10-16,10,85987,80653,3051,0,2283,68280875,18174
2019-10-16,11,81146,76055,2986,0,2105,69657761,17527
2019-10-16,12,79039,73871,3031,0,2137,66433277,17439
2019-10-16,13,89200,84426,2861,0,1913,58940670,18899
2019-10-16,14,96850,92568,2644,0,1638,51861200,19257
2019-10-16,15,108390,104192,2584,0,1614,45299746,19997
2019-10-16,16,108747,104828,2427,0,1492,44230671,19019
2019-10-16,17,97602,94448,1854,0,1300,40113992,16153
2019-10-16,18,72179,69895,1335,0,949,30598934,11390
2019-10-16,19,44215,42589,965,0,661,24940520,6754
2019-10-16,20,22214,21475,444,0,295,11186843,3545
2019-10-16,21,12935,12352,324,0,259,9028394,1983
2019-10-16,22,8890,8577,173,0,140,4821782,1309
2019-10-16,23,6412,6210,109,0,93,3869971,1081
2019-10-17,0,10008,9704,199,0,105,3139679,1976
2019-10-17,1,10680,10292,261,0,127,3259260,2829
2019-10-17,2,36849,35557,740,0,552,15863331,7826
2019-10-17,3,52847,50173,1549,0,1125,30051955,11054
2019-10-17,4,64582,60732,2212,0,1638,48947984,13576
2019-10-17,5,73544,68877,2653,0,2014,62868601,15399
2019-10-17,6,76254,71453,2656,0,2145,65771464,16125
2019-10-17,7,78182,73405,2794,0,1983,61536843,16510
2019-10-17,8,79884,74900,2940,0,2044,67217332,17136
2019-10-17,9,77186,71862,3041,0,2283,74175348,16177
2019-10-17,10,75512,71046,2603,0,1863,60655324,15697
2019-10-17,11,72805,68430,2525,0,1850,61753180,15310
2019-10-17,12,67296,63662,2159,0,1475,46528898,14395
2019-10-17,13,77140,73445,2216,0,1479,48962964,15856
2019-10-17,14,90285,86737,2158,0,1390,45683621,17463
2019-10-17,15,99879,96261,2247,0,1371,42138983,18373
2019-10-17,16,103721,100268,2172,0,1281,40486302,18234
2019-10-17,17,94175,91157,1852,0,1166,35479470,15698
2019-10-17,18,69316,67047,1359,0,910,32436511,11127
2019-10-17,19,43891,42287,961,0,643,22704842,6723
2019-10-17,20,24127,23261,489,0,377,12578975,3651
2019-10-17,21,12669,12173,275,0,221,8651372,1995
2019-10-17,22,8918,8567,193,0,158,6148350,1246
2019-10-17,23,7257,7015,124,0,118,5573725,1126
2019-10-18,0,9078,8843,155,0,80,2552986,1751
2019-10-18,1,9246,8917,194,0,135,4205681,2423
2019-10-18,2,36925,35600,814,0,511,14473066,7989
2019-10-18,3,52427,49802,1543,0,1082,31140412,11527
2019-10-18,4,64591,61085,2087,0,1419,39851772,13838
2019-10-18,5,70441,66234,2467,0,1740,53115265,15255
2019-10-18,6,75903,71603,2563,0,1737,52909205,16819
2019-10-18,7,81108,76733,2537,0,1838,62210869,18034
2019-10-18,8,84090,79359,2803,0,1928,64139387,18317
2019-10-18,9,85496,80873,2766,0,1857,60162355,18305
2019-10-18,10,80947,76608,2634,0,1705,51666289,17683
2019-10-18,11,77816,73639,2502,0,1675,55745389,17174
2019-10-18,12,79891,75968,2429,0,1494,47643428,17413
2019-10-18,13,87865,84156,2278,0,1431,44644586,18517
2019-10-18,14,98884,95205,2325,0,1354,41008439,19709
2019-10-18,15,105626,101920,2418,0,1288,40036596,20148
2019-10-18,16,106326,102839,2264,0,1223,36470680,19138
2019-10-18,17,96797,93766,1893,0,1138,34791570,16457
2019-10-18,18,71150,68950,1366,0,834,29974325,11973
2019-10-18,19,46906,45318,967,0,621,23199368,7566
2019-10-18,20,27444,26545,555,0,344,10229827,4427
2019-10-18,21,15356,14915,251,0,190,7416654,2620
2019-10-18,22,9310,8984,188,0,138,5227276,1557
2019-10-18,23,8176,7943,145,0,88,2763088,1425
2019-10-19,0,10143,9839,217,0,87,2664814,2007
2019-10-19,1,21511,20931,389,0,191,4409202,4432
2019-10-19,2,37781,36601,741,0,439,11965697,8026
2019-10-19,3,54667,52232,1453,0,982,28172372,11492
2019-10-19,4,66909,63491,2042,0,1376,40834618,14261
2019-10-19,5,73863,69668,2627,0,1568,46205928,15989
2019-10-19,6,77806,73498,2505,0,1803,53979389,16617
2019-10-19,7,78287,73814,2659,0,1814,57202540,16861
2019-10-19,8,79324,74827,2709,0,1788,52921098,16742
2019-10-19,9,79801,75114,2843,0,1844,59357590,16812
2019-10-19,10,78144,73546,2796,0,1802,57668450,15977
2019-10-19,11,75074,70953,2486,0,1635,51279942,15664
2019-10-19,12,71715,68371,2048,0,1296,41451358,15122
2019-10-19,13,78329,74917,2159,0,1253,40385206,16184
2019-10-19,14,87059,83685,2167,0,1207,37160376,17146
2019-10-19,15,95523,92034,2253,0,1236,37136570,17946
2019-10-19,16,98319,95047,2110,0,1162,34099617,17425
2019-10-19,17,89559,86888,1719,0,952,29324810,15746
2019-10-19,18,74675,72469,1380,0,826,26213057,12213
2019-10-19,19,50473,49045,886,0,542,16469231,8248
2019-10-19,20,31086,30120,574,0,392,12293085,4980
2019-10-19,21,19157,18570,351,0,236,8065319,3282
2019-10-19,22,11369,11041,207,0,121,3350819,1956
2019-10-19,23,8719,8470,144,0,105,3636848,1685
2019-10-20,0,10098,9809,199,0,90,2545192,2059
2019-10-20,1,19724,19279,272,0,173,4263286,4472
2019-10-20,2,39372,38264,723,0,385,10542984,9057
2019-10-20,3,58490,56056,1503,0,931,26551698,13984
2019-10-20,4,76524,73097,2119,0,1308,35916154,17920
2019-10-20,5,80657,76106,2785,0,1766,47140562,17048
2019-10-20,6,75985,71655,2655,0,1675,46914307,15907
2019-10-20,7,84820,80105,2860,0,1855,55017663,17534
2019-10-20,8,84687,79875,2945,0,1867,53425875,17352
2019-10-20,9,84326,79447,3083,0,1796,54149029,17408
2019-10-20,10,82148,77442,2864,0,1842,53956305,17116
2019-10-20,11,77917,73778,2505,0,1634,51998364,16348
2019-10-20,12,77191,73376,2305,0,1510,45073066,16292
2019-10-20,13,83010,79628,2156,0,1226,40042778,16823
2019-10-20,14,90527,87249,2003,0,1275,37158038,18182
2019-10-20,15,100125,96658,2197,0,1270,37898970,19320
2019-10-20,16,104539,101451,1960,0,1128,33554640,19025
2019-10-20,17,97119,94205,1858,0,1056,34164514,16645
2019-10-20,18,76467,74096,1483,0,888,29649382,12447
2019-10-20,19,48602,46967,977,0,658,21810010,7567
2019-10-20,20,25460,24636,501,0,323,11203981,4125
2019-10-20,21,14997,14433,307,0,257,11146792,2532
2019-10-20,22,9544,9275,163,0,106,4547589,1675
2019-10-20,23,7663,7473,111,0,79,2900125,1808
2019-10-21,0,12028,11734,194,0,100,3491776,3259
2019-10-21,1,24564,24069,318,0,177,5200588,7216
2019-10-21,2,41439,40241,694,0,504,15041972,11912
2019-10-21,3,55594,53035,1484,0,1075,30927166,13013
2019-10-21,4,61698,58274,1987,0,1437,43618436,13558
2019-10-21,5,70231,66153,2319,0,1759,52061829,15232
2019-10-21,6,71360,67078,2500,0,1782,54366632,16226
2019-10-21,7,63163,59392,2279,0,1492,46846430,14806
2019-10-21,8,69386,64965,2675,0,1746,53453552,15472
2019-10-21,9,74586,70428,2352,0,1806,56554469,15996
2019-10-21,10,74925,70479,2578,0,1868,60350332,15236
2019-10-21,11,70373,66437,2323,0,1613,51538012,15016
2019-10-21,12,70361,66694,2209,0,1458,50630032,15186
2019-10-21,13,74457,71291,1821,0,1345,42542711,16365
2019-10-21,14,91768,88302,2145,0,1321,40264197,18167
2019-10-21,15,105218,101618,2275,0,1325,38641939,19536
2019-10-21,16,105398,102284,1820,0,1294,40016802,18621
2019-10-21,17,93348,90697,1615,0,1036,32387824,15491
2019-10-21,18,73898,71811,1304,0,783,25223562,14053
2019-10-21,19,44693,43374,784,0,535,15935560,7742
2019-10-21,20,24600,23798,490,0,312,12663102,3728
2019-10-21,21,14406,13916,273,0,217,7754668,2310
2019-10-21,22,9659,9440,120,0,99,3811473,1811
2019-10-21,23,8263,8064,116,0,83,2940436,1803
2019-10-22,0,12884,12561,190,0,133,4325717,3496
2019-10-22,1,16273,15909,241,0,123,3374039,5584
2019-10-22,2,35163,33982,659,0,522,13850460,7946
2019-10-22,3,50176,47821,1340,0,1015,27697818,10714
2019-10-22,4,62125,58780,1945,0,1400,43151198,13339
2019-10-22,5,72728,68906,2145,0,1677,50214945,15439
2019-10-22,6,78162,73669,2678,0,1815,55556034,16602
2019-10-22,7,78013,73646,2558,0,1809,54820809,16937
2019-10-22,8,78935,74556,2557,0,1822,56538551,16962
2019-10-22,9,77548,73222,2524,0,1802,60563505,16419
2019-10-22,10,73534,69231,2489,0,1814,55177471,15661
2019-10-22,11,71769,67660,2481,0,1628,50720304,15209
2019-10-22,12,69767,66269,2137,0,1361,44301179,15011
2019-10-22,13,80526,77022,2166,0,1338,42982070,17012
2019-10-22,14,91004,87754,1957,0,1293,40315177,18048
2019-10-22,15,102693,99099,2226,0,1368,38444075,18708
2019-10-22,16,104157,100729,2079,0,1349,43115999,17954
2019-10-22,17,89351,86700,1636,0,1015,31524724,15055
2019-10-22,18,75397,73253,1277,0,867,28379988,14777
2019-10-22,19,45900,44718,683,0,499,17254990,8747
2019-10-22,20,23568,22842,406,0,320,12458164,3853
2019-10-22,21,14163,13610,335,0,218,9139299,2324
2019-10-22,22,5598,5400,111,0,87,3901320,1296
2019-10-22,23,7438,7195,133,0,110,3661468,1581
2019-10-23,0,10436,10171,162,0,103,3067004,2529
2019-10-23,1,15920,15501,253,0,166,5868206,4267
2019-10-23,2,35662,34493,711,0,458,12081179,7942
2019-10-23,3,50232,47868,1334,0,1030,30858859,10565
2019-10-23,4,59843,56697,1771,0,1375,39153770,12814
2019-10-23,5,68944,65099,2263,0,1582,47770928,14871
2019-10-23,6,75602,71288,2546,0,1768,52892228,16549
2019-10-23,7,78298,73994,2544,0,1760,52764698,17144
2019-10-23,8,76826,72258,2741,0,1827,52269421,16642
2019-10-23,9,76638,72297,2555,0,1786,55183318,16445
2019-10-23,10,72613,68350,2487,0,1776,56954273,15854
2019-10-23,11,69013,65373,2152,0,1488,49579103,15016
2019-10-23,12,70047,66436,2203,0,1408,44781917,15181
2019-10-23,13,78103,74679,2110,0,1314,43178888,16443
2019-10-23,14,88384,85087,2054,0,1243,36227908,17368
2019-10-23,15,98480,95173,2059,0,1248,36760404,18275
2019-10-23,16,99822,96686,1878,0,1258,38525062,17673
2019-10-23,17,86288,83613,1579,0,1096,33592119,14575
2019-10-23,18,71658,69773,1170,0,715,23054724,14872
2019-10-23,19,44252,42861,825,0,566,18526035,8414
2019-10-23,20,23347,22568,434,0,345,12603284,3754
2019-10-23,21,14067,13609,257,0,201,8215950,2516
2019-10-23,22,9113,8784,190,0,139,4972418,1634
2019-10-23,23,7538,7330,129,0,79,2655458,1393
2019-10-24,0,11276,11008,169,0,99,3091049,2673
2019-10-24,1,22239,21633,386,0,220,5929714,5154
2019-10-24,2,36900,35707,731,0,462,13785057,8439
2019-10-24,3,50166,47708,1380,0,1078,33194957,10645
2019-10-24,4,61709,58374,1973,0,1362,40801777,13181
2019-10-24,5,38794,36074,1742,0,978,30836628,10242
2019-10-24,6,73643,68928,2843,0,1872,58734836,15868
2019-10-24,7,74347,70063,2532,0,1752,52902688,15724
2019-10-24,8,74320,69888,2607,0,1825,56709228,15943
2019-10-24,9,71953,67600,2593,0,1760,56626717,14950
2019-10-24,10,67773,63846,2296,0,1631,52773017,14403
2019-10-24,11,64837,61030,2256,0,1551,51035678,13841
2019-10-24,12,64448,61196,1956,0,1296,40038952,13767
2019-10-24,13,71031,67968,1844,0,1219,38664878,14703
2019-10-24,14,83649,80423,1941,0,1285,38442305,16423
2019-10-24,15,93303,90165,1887,0,1251,36572539,17022
2019-10-24,16,94797,91895,1762,0,1140,33502330,16648
2019-10-24,17,84148,81582,1558,0,1008,29956572,14122
2019-10-24,18,78649,76387,1408,0,854,26143097,16916
2019-10-24,19,44638,43264,801,0,573,18956641,8074
2019-10-24,20,22736,21875,488,0,373,14760381,3830
2019-10-24,21,14574,14085,267,0,222,6749061,2187
2019-10-24,22,9544,9268,170,0,106,3775095,1464
2019-10-24,23,7027,6812,133,0,82,3051263,1294
2019-10-25,0,10331,10077,149,0,105,2636835,2240
2019-10-25,1,20948,20394,365,0,189,5559219,4643
2019-10-25,2,34984,33821,721,0,442,12435026,7598
2019-10-25,3,49741,47345,1424,0,972,28175310,10599
2019-10-25,4,59272,56218,1772,0,1282,37087522,13149
2019-10-25,5,71473,67765,2151,0,1557,47409238,15708
2019-10-25,6,79347,75025,2619,0,1703,49062171,17453
2019-10-25,7,78908,74582,2577,0,1749,52783481,17412
2019-10-25,8,80349,76153,2512,0,1684,49848903,17366
2019-10-25,9,76844,72853,2424,0,1567,48691140,16628
2019-10-25,10,75939,71937,2414,0,1588,48969303,16270
2019-10-25,11,73511,69512,2480,0,1519,47444940,16088
2019-10-25,12,76629,73110,2151,0,1368,42626025,16544
2019-10-25,13,86910,83417,2167,0,1326,42150501,18216
2019-10-25,14,94621,91205,2045,0,1371,41963467,18633
2019-10-25,15,99462,96084,2121,0,1257,37265452,18186
2019-10-25,16,97272,94230,1868,0,1174,36398842,17112
2019-10-25,17,86176,83644,1566,0,966,29312179,14557
2019-10-25,18,73370,71255,1281,0,834,24786105,13879
2019-10-25,19,47639,46182,921,0,536,15727595,8173
2019-10-25,20,27167,26378,474,0,315,10331479,4608
2019-10-25,21,16364,15882,275,0,207,6586924,2706
2019-10-25,22,10585,10243,220,0,122,4426161,1743
2019-10-25,23,7486,7272,118,0,96,3183980,1611
2019-10-26,0,10881,10641,147,0,93,2727187,2237
2019-10-26,1,19766,19261,350,0,155,4139344,4340
2019-10-26,2,35826,34619,739,0,468,12319041,7792
2019-10-26,3,51889,49745,1266,0,878,24568301,11227
2019-10-26,4,65044,61683,2024,0,1337,37467800,13503
2019-10-26,5,73576,69462,2518,0,1596,46562207,15284
2019-10-26,6,79153,74996,2477,0,1680,50927630,16445
2019-10-26,7,80066,75413,2844,0,1809,55312299,16406
2019-10-26,8,80722,76405,2562,0,1755,53384587,16850
2019-10-26,9,48994,46265,1587,0,1142,34671551,11860
2019-10-26,10,73117,69106,2424,0,1587,48692316,15060
2019-10-26,11,69907,66103,2361,0,1443,46010206,14331
2019-10-26,12,68920,65648,2015,0,1257,39301327,14215
2019-10-26,13,74748,71813,1774,0,1161,36958196,14715
2019-10-26,14,78448,75662,1650,0,1136,38177857,15216
2019-10-26,15,85849,83050,1697,0,1102,31180793,15767
2019-10-26,16,87873,85295,1562,0,1016,30094882,15397
2019-10-26,17,80564,78233,1470,0,861,25631053,13576
2019-10-26,18,72694,70707,1231,0,756,24210964,12661
2019-10-26,19,46611,45119,942,0,550,18958755,8018
2019-10-26,20,27475,26571,515,0,389,15428947,4815
2019-10-26,21,17109,16669,239,0,201,6262312,2950
2019-10-26,22,10215,9853,205,0,157,4592296,1756
2019-10-26,23,7821,7520,177,0,124,4180433,1400
2019-10-27,0,9540,9326,117,0,97,3661439,1817
2019-10-27,1,16667,16253,257,0,157,4245380,3537
2019-10-27,2,32191,31173,647,0,371,9742595,6670
2019-10-27,3,50110,48018,1328,0,764,22912409,10481
2019-10-27,4,62822,59688,1860,0,1274,38060488,12812
2019-10-27,5,72026,68282,2237,0,1507,44862527,14302
2019-10-27,6,74419,70244,2474,0,1701,49327033,15088
2019-10-27,7,74957,70845,2446,0,1666,50514189,15218
2019-10-27,8,74923,70779,2455,0,1689,52863445,15227
2019-10-27,9,77088,72655,2668,0,1765,54185019,15450
2019-10-27,10,75091,71122,2427,0,1542,48022665,14979
2019-10-27,11,74915,70882,2478,0,1555,49527014,14769
2019-10-27,12,72431,68949,2117,0,1365,40354868,14529
2019-10-27,13,77619,74305,2017,0,1297,41055789,15597
2019-10-27,14,86464,83352,1895,0,1217,37956275,16107
2019-10-27,15,96383,93293,1895,0,1195,35407317,17193
2019-10-27,16,98494,95555,1788,0,1151,35251842,17031
2019-10-27,17,88601,86099,1478,0,1024,29175268,14798
2019-10-27,18,70537,69157,673,0,707,24092812,12039
2019-10-27,19,45999,44945,436,0,618,19161491,7485
2019-10-27,20,26354,25795,249,0,310,12584509,4286
2019-10-27,21,14873,14486,172,0,215,8329170,2649
2019-10-27,22,9141,8925,79,0,137,5032442,1470
2019-10-27,23,6908,6766,63,0,79,3520096,1277
2019-10-28,0,8941,8833,46,0,62,2284302,1948
2019-10-28,1,17861,17591,98,0,172,6371274,3915
2019-10-28,2,27991,27389,274,0,328,10286779,6256
2019-10-28,3,40608,39251,581,0,776,23251699,9217
2019-10-28,4,53889,51824,935,0,1130,31612742,12107
2019-10-28,5,64855,62292,1098,0,1465,44620273,14270
2019-10-28,6,68528,65619,1414,0,1495,46015068,15140
2019-10-28,7,67966,64937,1445,0,1584,48028350,15006
2019-10-28,8,68665,65765,1316,0,1584,49677703,15062
2019-10-28,9,66549,63886,1201,0,1462,45111859,14612
2019-10-28,10,64327,61666,1153,0,1508,47634947,14091
2019-10-28,11,62476,59953,1111,0,1412,49017267,13572
2019-10-28,12,62368,60121,1047,0,1200,36721655,13631
2019-10-28,13,70439,68465,932,0,1042,29635712,14738
2019-10-28,14,82260,80271,918,0,1071,34576622,16447
2019-10-28,15,90961,88827,1082,0,1052,32148165,17097
2019-10-28,16,94707,92811,881,0,1015,31140309,16875
2019-10-28,17,85532,83822,838,0,872,28128702,14293
2019-10-28,18,66856,65617,530,0,709,23211202,11886
2019-10-28,19,41898,40993,387,0,518,17371224,6963
2019-10-28,20,23146,22613,237,0,296,10419283,3798
2019-10-28,21,14161,13820,170,0,171,5894345,2302
2019-10-28,22,8401,8225,74,0,102,3779416,1422
2019-10-28,23,7495,7339,70,0,86,2233926,1269
2019-10-29,0,9938,9790,65,0,83,2749906,2139
2019-10-29,1,17154,16889,109,0,156,4013022,4133
2019-10-29,2,30679,29922,389,0,368,9129375,7305
2019-10-29,3,44639,43167,648,0,824,25492246,10297
2019-10-29,4,53497,51344,1009,0,1144,38217989,12175
2019-10-29,5,61742,59394,1017,0,1331,42477840,13543
2019-10-29,6,64583,62083,1148,0,1352,40170072,14308
2019-10-29,7,64015,61278,1224,0,1513,47288367,14305
2019-10-29,8,64827,62049,1243,0,1535,49544937,14407
2019-10-29,9,64763,62057,1208,0,1498,48412355,14267
2019-10-29,10,62156,59623,1105,0,1428,46559041,13565
2019-10-29,11,60644,58075,1208,0,1361,43692761,13045
2019-10-29,12,59813,57578,1144,0,1091,35691180,13148
2019-10-29,13,67523,65508,969,0,1046,31549545,14385
2019-10-29,14,80389,78235,1060,0,1094,35028806,15803
2019-10-29,15,87881,85950,917,0,1014,30898000,16655
2019-10-29,16,90959,89123,865,0,971,28646057,16308
2019-10-29,17,85242,83687,714,0,841,24851638,14461
2019-10-29,18,66720,65484,553,0,683,21382145,11720
2019-10-29,19,40575,39892,311,0,372,12393287,6847
2019-10-29,20,22587,22090,230,0,267,9733613,3808
2019-10-29,21,12623,12285,152,0,186,7176689,2104
2019-10-29,22,8357,8116,108,0,133,5528933,1421
2019-10-29,23,6604,6462,59,0,83,2716039,1128
2019-10-30,0,9112,8971,66,0,75,3048026,2006
2019-10-30,1,18738,18423,131,0,184,4720673,4212
2019-10-30,2,30914,30266,307,0,341,9845127,7022
2019-10-30,3,43877,42369,649,0,859,25396319,10196
2019-10-30,4,54967,52903,886,0,1178,35515727,12407
2019-10-30,5,62524,60128,1042,0,1354,40061044,13635
2019-10-30,6,62768,60095,1173,0,1500,48694399,14075
2019-10-30,7,63244,60633,1170,0,1441,45483575,14384
2019-10-30,8,63413,60717,1212,0,1484,45275907,14013
2019-10-30,9,62354,59686,1222,0,1446,50779512,13653
2019-10-30,10,60657,58240,1121,0,1296,43112112,13483
2019-10-30,11,59039,56630,1139,0,1270,42218736,13008
2019-10-30,12,58140,56052,915,0,1173,37546657,12944
2019-10-30,13,66780,64736,907,0,1137,36920201,14410
2019-10-30,14,78647,76505,980,0,1162,36712995,15803
2019-10-30,15,89762,87615,998,0,1149,34523360,17275
2019-10-30,16,89792,87878,915,0,999,29842423,16434
2019-10-30,17,82500,80910,704,0,886,26746099,14272
2019-10-30,18,61832,60582,552,0,698,25087948,10511
2019-10-30,19,40041,39184,363,0,494,17272343,6456
2019-10-30,20,22352,21785,242,0,325,11000768,3848
2019-10-30,21,13596,13297,148,0,151,6178507,2714
2019-10-30,22,8588,8350,99,0,139,4347729,1505
2019-10-30,23,6508,6377,55,0,76,3076764,1177
2019-10-31,0,8800,8652,63,0,85,3194196,1790
2019-10-31,1,13779,13555,99,0,125,4202192,3064
2019-10-31,2,27979,27339,298,0,342,9929703,6446
2019-10-31,3,41048,39795,516,0,737,22349206,9252
2019-10-31,4,53384,51448,854,0,1082,32231706,11811
2019-10-31,5,61614,59237,1043,0,1334,41449444,14089
2019-10-31,6,63788,61347,1108,0,1333,43827265,14543
2019-10-31,7,69814,67059,1246,0,1509,46989596,15748
2019-10-31,8,70986,68189,1240,0,1557,52443495,15900
2019-10-31,9,67964,65389,1147,0,1428,44994205,15159
2019-10-31,10,66288,63690,1213,0,1385,48431196,14871
2019-10-31,11,62807,60541,1093,0,1173,41016730,13878
2019-10-31,12,60158,58206,915,0,1037,34967980,13398
2019-10-31,13,69184,67317,897,0,970,30198034,14508
2019-10-31,14,81543,79466,969,0,1108,33368973,16030
2019-10-31,15,89633,87606,935,0,1092,33391073,16833
2019-10-31,16,94144,92132,944,0,1068,31115741,16921
2019-10-31,17,86211,84577,763,0,871,25384247,14919
2019-10-31,18,65172,63805,609,0,758,24953132,11291
2019-10-31,19,41349,40526,342,0,481,17013877,7005
2019-10-31,20,21212,20795,195,0,222,8282754,4338
2019-10-31,21,12521,12204,130,0,187,7804344,2455
2019-10-31,22,8879,8655,106,0,118,4396635,1559
2019-10-31,23,7222,7052,73,0,97,3710856,1313
