category_id,events,views,carts,removes,purchases,revenue_minor,revenue,category_code,distinct_codes,view_to_purchase,cart_to_purchase
2053013552226107603,222,215,4,0,3,4883,48.83,appliances.environment.fan,1,0.013953,0.75
2053013552259662037,14183,13785,192,0,206,10641949,106419.49,,0,0.014944,1.072917
2053013552293216471,15901,15318,304,0,279,1224125,12241.25,appliances.environment.air_heater,1,0.018214,0.917763
2053013552326770905,14744,14077,391,0,276,2873126,28731.26,appliances.environment.water_heater,1,0.019606,0.705882
2053013552351936731,3989,3917,38,0,34,1568450,15684.50,appliances.environment.air_conditioner,1,0.00868,0.894737
2053013552385491165,15989,15647,163,0,179,1085634,10856.34,,0,0.01144,1.09816
2053013552427434207,2309,2198,80,0,31,241132,2411.32,,0,0.014104,0.3875
2053013552469377249,2039,1978,39,0,22,80826,808.26,,0,0.011122,0.564103
2053013552502931683,471,464,3,0,4,4293,42.93,computers.peripherals.camera,1,0.008621,1.333333
2053013552570040549,1283,1265,10,0,8,217141,2171.41,electronics.video.projector,1,0.006324,0.8
2053013552603594983,824,812,10,0,2,75137,751.37,electronics.video.tv,1,0.002463,0.2
2053013552637149417,1122,1097,8,0,17,22987,229.87,computers.peripherals.mouse,1,0.015497,2.125
2053013552662315243,2705,2581,50,0,74,113608,1136.08,,0,0.028671,1.48
2053013552695869677,1683,1633,28,0,22,523603,5236.03,electronics.tablet,1,0.013472,0.785714
2053013552737812719,597,572,11,0,14,20360,203.60,stationery.cartrige,1,0.024476,1.272727
2053013552788144369,2451,2362,27,0,62,56100,561.00,,0,0.026249,2.296296
2053013552821698803,5732,5544,109,0,79,260652,2606.52,,0,0.01425,0.724771
2053013552863641845,3404,3271,66,0,67,484657,4846.57,,0,0.020483,1.015152
2053013552888807671,6111,5923,92,0,96,287797,2877.97,computers.peripherals.mouse,1,0.016208,1.043478
2053013552913973497,5344,5250,30,0,64,309201,3092.01,computers.peripherals.keyboard,1,0.01219,2.133333
2053013552955916539,9573,9190,230,0,153,2960560,29605.60,computers.peripherals.printer,1,0.016649,0.665217
2053013552989470973,1981,1909,36,0,36,455573,4555.73,,0,0.018858,1.0
2053013553031414015,10509,10292,104,0,113,2660484,26604.84,computers.peripherals.monitor,1,0.010979,1.086538
2053013553056579841,5454,5200,157,0,97,1930729,19307.29,computers.peripherals.printer,1,0.018654,0.617834
2053013553090134275,5566,5493,21,0,52,167296,1672.96,kids.toys,1,0.009467,2.47619
2053013553115300101,5734,5703,14,0,17,20472,204.72,,0,0.002981,1.214286
2053013553140465927,2879,2857,4,0,18,81244,812.44,kids.toys,1,0.0063,4.5
2053013553165631753,5298,5242,24,0,32,169255,1692.55,,0,0.006105,1.333333
2053013553199186187,7449,7378,30,0,41,167805,1678.05,,0,0.005557,1.366667
2053013553224352013,4650,4597,23,0,30,108620,1086.20,kids.dolls,1,0.006526,1.304348
2053013553257906447,2770,2725,28,0,17,44538,445.38,kids.toys,1,0.006239,0.607143
2053013553283072273,1803,1780,11,0,12,27696,276.96,,0,0.006742,1.090909
2053013553316626707,2955,2875,47,0,33,566617,5666.17,computers.ebooks,1,0.011478,0.702128
2053013553341792533,70744,67387,2019,0,1338,42802048,428020.48,electronics.clocks,1,0.019855,0.662704
2053013553375346967,32251,29286,2084,0,881,2663562,26635.62,,0,0.030083,0.422745
2053013553459233053,249,246,0,0,3,4428,44.28,,0,0.012195,
2053013553484398879,12360,12052,21,0,287,2183535,21835.35,,0,0.023813,13.666667
2053013553526341921,25672,25455,0,0,217,5420307,54203.07,,0,0.008525,
2053013553559896355,189465,183046,2044,0,4375,29206040,292060.40,,0,0.023901,2.140411
2053013553853497655,35039,34259,151,0,629,4688315,46883.15,,0,0.01836,4.165563
2053013553887052089,523,521,0,0,2,10296,102.96,,0,0.003839,
2053013553912217915,4839,4804,0,0,35,650519,6505.19,,0,0.007286,
2053013553945772349,31273,30925,34,0,314,2850922,28509.22,electronics.audio.subwoofer,1,0.010154,9.235294
2053013553970938175,46776,46231,104,0,441,4535866,45358.66,auto.accessories.player,1,0.009539,4.240385
2053013554004492609,2496,2466,3,0,27,88093,880.93,computers.components.cooler,1,0.010949,9.0
2053013554071601477,4327,4294,6,0,27,150197,1501.97,,0,0.006288,4.5
2053013554096767303,1805,1775,14,0,16,89492,894.92,computers.components.power_supply,1,0.009014,1.142857
2053013554121933129,4887,4860,6,0,21,469643,4696.43,computers.components.cpu,1,0.004321,3.5
2053013554155487563,4345,4314,6,0,25,293728,2937.28,computers.components.motherboard,1,0.005795,4.166667
2053013554189041997,4336,4271,7,0,58,321209,3212.09,computers.components.memory,1,0.01358,8.285714
2053013554222596431,6496,6283,125,0,88,671184,6711.84,computers.components.hdd,1,0.014006,0.704
2053013554247762257,8297,8185,36,0,76,2139344,21393.44,computers.components.videocards,1,0.009285,2.111111
2053013554415534427,110225,104470,3626,0,2129,84236565,842365.65,electronics.video.tv,1,0.020379,0.587148
2053013554449088861,1035,1007,16,0,12,169345,1693.45,,0,0.011917,0.75
2053013554474254687,2896,2827,23,0,46,468878,4688.78,electronics.audio.microphone,1,0.016272,2.0
2053013554499420513,1942,1892,33,0,17,469198,4691.98,electronics.audio.acoustic,1,0.008985,0.515152
2053013554524586339,9078,8797,146,0,135,2834127,28341.27,,0,0.015346,0.924658
2053013554566529381,4933,4782,73,0,78,384103,3841.03,computers.desktop,1,0.016311,1.068493
2053013554591695207,3673,3651,1,0,21,923277,9232.77,electronics.audio.acoustic,1,0.005752,21.0
2053013554625249641,8936,8656,157,0,123,1097035,10970.35,,0,0.01421,0.783439
2053013554658804075,110228,102208,5041,0,2979,34906802,349068.02,electronics.audio.headphone,1,0.029146,0.590954
2053013554692358509,1616,1601,4,0,11,43901,439.01,,0,0.006871,2.75
2053013554725912943,1167,1131,23,0,13,43965,439.65,appliances.kitchen.coffee_grinder,1,0.011494,0.565217
2053013554751078769,6811,6623,112,0,76,1367860,13678.60,appliances.kitchen.grill,1,0.011475,0.678571
2053013554776244595,17280,16490,462,0,328,2441345,24413.45,appliances.kitchen.microwave,1,0.019891,0.709957
2053013554834964853,16807,16253,301,0,253,890162,8901.62,appliances.kitchen.kettle,1,0.015566,0.840532
2053013554960793975,2349,2266,42,0,41,162861,1628.61,appliances.kitchen.toster,1,0.018094,0.97619
2053013554994348409,11497,11302,113,0,82,381319,3813.19,,0,0.007255,0.725664
2053013555036291451,2140,2085,21,0,34,46202,462.02,appliances.personal.scales,1,0.016307,1.619048
2053013555069845885,8847,8595,148,0,104,700303,7003.03,appliances.kitchen.mixer,1,0.0121,0.702703
2053013555095011711,8330,8212,62,0,56,1019929,10199.29,appliances.kitchen.coffee_machine,1,0.006819,0.903226
2053013555120177537,1473,1445,16,0,12,94586,945.86,appliances.kitchen.steam_cooker,1,0.008304,0.75
2053013555178897795,2150,2112,29,0,9,112407,1124.07,,0,0.004261,0.310345
2053013555220840837,4644,4517,69,0,58,574794,5747.94,appliances.kitchen.juicer,1,0.01284,0.84058
2053013555262783879,20012,19363,343,0,306,1837929,18379.29,appliances.kitchen.blender,1,0.015803,0.892128
2053013555287949705,10512,10382,68,0,62,1556272,15562.72,,0,0.005972,0.911765
2053013555321504139,15964,15487,265,0,212,1835092,18350.92,appliances.kitchen.meat_grinder,1,0.013689,0.8
2053013555355058573,11301,10858,244,0,199,1782940,17829.40,,0,0.018328,0.815574
2053013555380224399,3515,3504,0,0,11,568608,5686.08,,0,0.003139,
2053013555413778833,1909,1847,29,0,33,244038,2440.38,,0,0.017867,1.137931
2053013555438944659,2647,2612,15,0,20,62670,626.70,,0,0.007657,1.333333
2053013555464110485,8481,8277,97,0,107,1448410,14484.10,furniture.bedroom.bed,1,0.012927,1.103093
2053013555531219353,2480,2345,91,0,44,155013,1550.13,electronics.telephone,1,0.018763,0.483516
2053013555573162395,22291,21571,428,0,292,1050819,10508.19,electronics.telephone,1,0.013537,0.682243
2053013555631882655,1151657,1062923,54799,0,33935,1560939584,15609395.84,electronics.smartphone,1,0.031926,0.619263
2053013555657048481,134,134,0,0,0,0,0.00,,0,0.0,
2053013555724157349,4,4,0,0,0,0,0.00,sport.bicycle,1,0.0,
2053013555782877609,142,141,0,0,1,14157,141.57,sport.bicycle,1,0.007092,
2053013555816432043,8545,8425,54,0,66,2004737,20047.37,kids.skates,1,0.007834,1.222222
2053013556110033341,2416,2359,22,0,35,186127,1861.27,,0,0.014837,1.590909
2053013556168753601,69172,68394,104,0,674,7596883,75968.83,,0,0.009855,6.480769
2053013556202308035,7143,6793,212,0,138,1546682,15466.82,construction.tools.saw,1,0.020315,0.650943
2053013556227473861,6268,6192,27,0,49,1036068,10360.68,construction.tools.saw,1,0.007913,1.814815
2053013556252639687,6611,6467,79,0,65,604486,6044.86,construction.tools.drill,1,0.010051,0.822785
2053013556277805513,7825,7658,82,0,85,464196,4641.96,,0,0.0111,1.036585
2053013556311359947,21225,20786,261,0,178,1413012,14130.12,construction.tools.drill,1,0.008563,0.681992
2053013556344914381,2464,2376,11,0,77,103587,1035.87,kids.fmcg.diapers,1,0.032407,7.0
2053013556403634639,146,145,0,0,1,6564,65.64,,0,0.006897,
2053013556437189073,492,488,3,0,1,22521,225.21,,0,0.002049,0.333333
2053013556462354899,4851,4644,96,0,111,685424,6854.24,,0,0.023902,1.15625
2053013556487520725,5740,5591,54,0,95,746603,7466.03,furniture.kitchen.chair,1,0.016992,1.759259
2053013556521075159,695,686,1,0,8,42687,426.87,,0,0.011662,8.0
2053013556546240985,371,370,0,0,1,6152,61.52,,0,0.002703,
2053013556579795419,1738,1700,13,0,25,123435,1234.35,,0,0.014706,1.923077
2053013557024391671,46731,46449,0,0,282,12258735,122587.35,,0,0.006071,
2053013557066334713,4825,4788,0,0,37,515998,5159.98,,0,0.007728,
2053013557099889147,751,747,0,0,4,24913,249.13,furniture.bedroom.bed,1,0.005355,
2053013557133443581,24312,24167,0,0,145,3847614,38476.14,furniture.living_room.cabinet,1,0.006,
2053013557166998015,11220,11109,0,0,111,1650786,16507.86,,0,0.009992,
2053013557192163841,26445,26320,0,0,125,2671401,26714.01,furniture.bedroom.bed,1,0.004749,
2053013557225718275,880,876,0,0,4,40256,402.56,,0,0.004566,
2053013557343158789,2576,2544,5,0,27,147541,1475.41,construction.components.faucet,1,0.010613,5.4
2053013557385101831,641,638,0,0,3,22006,220.06,,0,0.004702,
2053013557418656265,1651,1631,4,0,16,97127,971.27,furniture.bathroom.toilet,1,0.00981,4.0
2053013557452210699,3038,2998,7,0,33,1117412,11174.12,,0,0.011007,4.714286
2053013557477376525,1378,1369,0,0,9,136479,1364.79,furniture.bathroom.bath,1,0.006574,
2053013557510930959,547,543,1,0,3,67428,674.28,,0,0.005525,3.0
2053013557544485393,2465,2437,6,0,22,2122983,21229.83,,0,0.009027,3.666667
2053013557569651219,2345,2321,1,0,23,101654,1016.54,,0,0.00991,23.0
2053013557603205653,3643,3559,46,0,38,569964,5699.64,electronics.audio.music_tools.piano,1,0.010677,0.826087
2053013557645148695,785,781,2,0,2,61738,617.38,,0,0.002561,1.0
2053013557670314521,3984,3892,38,0,54,975304,9753.04,electronics.audio.acoustic,1,0.013875,1.421053
2053013557695480347,135,135,0,0,0,0,0.00,,0,0.0,
2053013557737423389,60,60,0,0,0,0,0.00,,0,0.0,
2053013557787755041,70,70,0,0,0,0,0.00,,0,0.0,
2053013557930361385,1980,1972,0,0,8,3537,35.37,,0,0.004057,
2053013557955527211,1061,1057,0,0,4,6612,66.12,,0,0.003784,
2053013558005858861,1061,1057,2,0,2,17017,170.17,,0,0.001892,1.0
2053013558031024687,12475,12390,35,0,50,314602,3146.02,,0,0.004036,1.428571
2053013558072967729,569,559,8,0,2,818,8.18,,0,0.003578,0.25
2053013558098133555,626,623,0,0,3,3399,33.99,,0,0.004815,
2053013558131687989,2746,2689,19,0,38,114699,1146.99,,0,0.014132,2.0
2053013558156853815,2517,2475,22,0,20,87068,870.68,,0,0.008081,0.909091
2053013558190408249,10835,10582,97,0,156,440908,4409.08,,0,0.014742,1.608247
2053013558223962683,6401,6344,25,0,32,122858,1228.58,,0,0.005044,1.28
2053013558249128509,7393,7203,90,0,100,898597,8985.97,,0,0.013883,1.111111
2053013558282682943,942,941,0,0,1,26510,265.10,,0,0.001063,
2053013558316237377,7332,7273,0,0,59,756762,7567.62,furniture.kitchen.table,1,0.008112,
2053013558349791811,1758,1752,0,0,6,35360,353.60,,0,0.003425,
2053013558391734853,1933,1912,3,0,18,324578,3245.78,computers.desktop,1,0.009414,6.0
2053013558433677895,2309,2291,0,0,18,220750,2207.50,furniture.kitchen.table,1,0.007857,
2053013558458843721,8500,8074,262,0,164,364414,3644.14,,0,0.020312,0.625954
2053013558492398155,3232,3197,12,0,23,71521,715.21,,0,0.007194,1.916667
2053013558525952589,13461,13235,132,0,94,205941,2059.41,,0,0.007102,0.712121
2053013558559507023,131,129,0,0,2,1108,11.08,,0,0.015504,
2053013558593061457,174,174,0,0,0,0,0.00,,0,0.0,
2053013558618227283,896,888,0,0,8,6192,61.92,,0,0.009009,
2053013558643393109,136,133,0,0,3,1739,17.39,,0,0.022556,
2053013558668558935,651,650,0,0,1,1928,19.28,,0,0.001538,
2053013558727279193,1182,1165,0,0,17,9120,91.20,,0,0.014592,
2053013558752445019,3046,2994,0,0,52,101357,1013.57,,0,0.017368,
2053013558785999453,1308,1298,0,0,10,27857,278.57,,0,0.007704,
2053013558802776671,940,927,0,0,13,14997,149.97,,0,0.014024,
2053013558836331105,1637,1616,0,0,21,32599,325.99,,0,0.012995,
2053013558861496931,1072,1061,0,0,11,25572,255.72,,0,0.010368,
2053013558895051365,4005,3978,0,0,27,46166,461.66,,0,0.006787,
2053013558920217191,113338,110222,1623,0,1493,86195291,861952.91,computers.notebook,1,0.013545,0.919901
2053013558945383017,5174,5064,51,0,59,186411,1864.11,accessories.bag,1,0.011651,1.156863
2053013558978937451,301,294,0,0,7,2466,24.66,,0,0.02381,
2053013559071212141,84,82,0,0,2,209,2.09,,0,0.02439,
2053013559104766575,1964,1931,0,0,33,45374,453.74,,0,0.01709,
2053013559138321009,73,73,0,0,0,0,0.00,,0,0.0,
2053013559222207091,10,10,0,0,0,0,0.00,,0,0.0,
2053013559255761525,50,50,0,0,0,0,0.00,sport.ski,1,0.0,
2053013559289315959,4,4,0,0,0,0,0.00,apparel.shoes,1,0.0,
2053013559322870393,10,10,0,0,0,0,0.00,,0,0.0,
2053013559348036219,246,246,0,0,0,0,0.00,sport.ski,1,0.0,
2053013559406756479,37,36,0,0,1,23141,231.41,sport.snowboard,1,0.027778,
2053013559440310913,236,236,0,0,0,0,0.00,sport.snowboard,1,0.0,
2053013559473865347,2541,2503,17,0,21,129016,1290.16,,0,0.00839,1.235294
2053013559515808389,690,681,0,0,9,82453,824.53,,0,0.013216,
2053013559641637517,1463,1462,0,0,1,85428,854.28,,0,6.84E-4,
2053013559675191951,4279,4241,14,0,24,377878,3778.78,,0,0.005659,1.714286
2053013559708746385,2228,2220,0,0,8,427089,4270.89,,0,0.003604,
2053013559733912211,19592,19503,0,0,89,2074211,20742.11,,0,0.004563,
2053013559767466645,2455,2450,0,0,5,219978,2199.78,,0,0.002041,
2053013559792632471,21705,21589,0,0,116,6484696,64846.96,furniture.living_room.sofa,1,0.005373,
2053013559842964121,1279,1275,0,0,4,62642,626.42,furniture.living_room.chair,1,0.003137,
2053013559868129947,9843,9560,183,0,100,1045610,10456.10,computers.desktop,1,0.01046,0.546448
2053013559901684381,5131,5042,38,0,51,178858,1788.58,furniture.kitchen.chair,1,0.010115,1.342105
2053013559935238815,231,231,0,0,0,0,0.00,,0,0.0,
2053013559960404641,434,431,0,0,3,8425,84.25,appliances.environment.vacuum,1,0.006961,
2053013559985570467,746,742,1,0,3,102230,1022.30,country_yard.cultivator,1,0.004043,3.0
2053013560010736293,1088,1084,2,0,2,108983,1089.83,,0,0.001845,1.0
2053013560035902119,197,195,0,0,2,14832,148.32,,0,0.010256,
2053013560061067945,536,530,5,0,1,7901,79.01,country_yard.lawn_mower,1,0.001887,0.2
2053013560086233771,3343,3258,49,0,36,422485,4224.85,construction.tools.pump,1,0.01105,0.734694
2053013560111399597,934,920,7,0,7,60183,601.83,,0,0.007609,1.0
2053013560144954031,9498,9304,128,0,66,1254922,12549.22,,0,0.007094,0.515625
2053013560178508465,3686,3616,52,0,18,585923,5859.23,construction.tools.generator,1,0.004978,0.346154
2053013560220451507,1179,1164,3,0,12,49235,492.35,,0,0.010309,4.0
2053013560287560373,5579,5509,6,0,64,1176297,11762.97,,0,0.011617,10.666667
2053013560312726199,6102,5984,52,0,66,677889,6778.89,furniture.living_room.chair,1,0.011029,1.269231
2053013560346280633,22071,21742,94,0,235,3564247,35642.47,kids.carriage,1,0.010809,2.5
2053013560413389501,798,788,0,0,10,125463,1254.63,,0,0.01269,
2053013560463721151,919,900,4,0,15,84120,841.20,,0,0.016667,3.75
2053013560497275585,1169,1143,6,0,20,1160575,11605.75,electronics.camera.photo,1,0.017498,3.333333
2053013560530830019,3944,3849,64,0,31,1398282,13982.82,electronics.camera.video,1,0.008054,0.484375
2053013560555995845,7388,7194,89,0,105,8079928,80799.28,,0,0.014595,1.179775
2053013560581161671,233,232,0,0,1,5406,54.06,auto.accessories.compressor,1,0.00431,
2053013560623104713,1172,1166,0,0,6,38227,382.27,auto.accessories.parktronic,1,0.005146,
2053013560807654091,19498,18832,411,0,255,3550147,35501.47,auto.accessories.alarm,1,0.013541,0.620438
2053013560841208525,1388,1377,2,0,9,185872,1858.72,,0,0.006536,4.5
2053013560866374351,4435,4313,63,0,59,490879,4908.79,auto.accessories.radar,1,0.01368,0.936508
2053013560899928785,22283,21764,285,0,234,2657346,26573.46,auto.accessories.videoregister,1,0.010752,0.821053
2053013561059312345,1397,1376,9,0,12,853753,8537.53,electronics.tablet,1,0.008721,1.333333
2053013561092866779,25546,25344,84,0,118,8113796,81137.96,computers.desktop,1,0.004656,1.404762
2053013561126421213,463,428,25,0,10,48755,487.55,,0,0.023364,0.4
2053013561159975647,3188,3050,76,0,62,377239,3772.39,,0,0.020328,0.815789
2053013561185141473,3099,3079,4,0,16,1426642,14266.42,,0,0.005196,4.0
2053013561218695907,17356,16499,514,0,343,13794964,137949.64,,0,0.020789,0.667315
2053013561243861733,2584,2544,14,0,26,234566,2345.66,,0,0.01022,1.857143
2053013561277416167,8919,8397,356,0,166,880467,8804.67,,0,0.019769,0.466292
2053013561302581993,817,816,0,0,1,5998,59.98,,0,0.001225,
2053013561327747819,2746,2741,3,0,2,41182,411.82,,0,7.3E-4,0.666667
2053013561352913645,1387,1376,0,0,11,38050,380.50,,0,0.007994,
2053013561420022511,732,726,5,0,1,11094,110.94,accessories.bag,1,0.001377,0.2
2053013561453576945,2888,2844,20,0,24,274169,2741.69,,0,0.008439,1.2
2053013561529074421,24,22,1,0,1,461,4.61,,0,0.045455,1.0
2053013561554240247,873,860,7,0,6,107709,1077.09,,0,0.006977,0.857143
2053013561579406073,60325,59867,0,0,458,6315151,63151.51,electronics.clocks,1,0.00765,
2053013561604571899,2228,2223,0,0,5,29643,296.43,,0,0.002249,
2053013561638126333,830,828,0,0,2,71790,717.90,,0,0.002415,
2053013561663292159,717,712,0,0,5,2578,25.78,,0,0.007022,
2053013561696846593,639,635,0,0,4,24182,241.82,,0,0.006299,
2053013561747178243,399,397,0,0,2,2136,21.36,,0,0.005038,
2053013561780732677,2075,2063,1,0,11,19935,199.35,furniture.bedroom.pillow,1,0.005332,11.0
2053013561814287111,1555,1543,0,0,12,21186,211.86,,0,0.007777,
2053013561847841545,2372,2354,0,0,18,62640,626.40,furniture.bedroom.blanket,1,0.007647,
2053013561914950413,136,135,0,0,1,855,8.55,,0,0.007407,
2053013561956893455,6599,6531,2,0,66,220827,2208.27,,0,0.010106,33.0
2053013561982059281,378,376,0,0,2,2970,29.70,,0,0.005319,
2053013562082722579,2280,2217,36,0,27,43172,431.72,,0,0.012179,0.75
2053013562116277013,1113,1106,5,0,2,10248,102.48,construction.tools.light,1,0.001808,0.4
2053013562149831447,1004,1002,0,0,2,12052,120.52,furniture.universal.light,1,0.001996,
2053013562183385881,518,508,1,0,9,1376,13.76,,0,0.017717,9.0
2053013562208551707,1772,1770,0,0,2,11338,113.38,,0,0.00113,
2053013562250494749,3454,3444,0,0,10,18558,185.58,,0,0.002904,
2053013562292437791,1437,1357,49,0,31,130911,1309.11,medicine.tools.tonometer,1,0.022845,0.632653
2053013562325992225,81,79,0,0,2,1159,11.59,,0,0.025316,
2053013562359546659,629,623,0,0,6,11971,119.71,,0,0.009631,
2053013562393101093,426,424,0,0,2,1801,18.01,,0,0.004717,
2053013562451821351,142,140,0,0,2,958,9.58,,0,0.014286,
2053013562560873263,704,691,1,0,12,8414,84.14,,0,0.017366,12.0
2053013562611204913,2831,2785,5,0,41,28248,282.48,,0,0.014722,8.2
2053013562644759347,681,673,0,0,8,8332,83.32,,0,0.011887,
2053013562753811257,588,580,0,0,8,5788,57.88,,0,0.013793,
2053013562778977083,2621,2568,0,0,53,51765,517.65,,0,0.020639,
2053013562812531517,3288,3228,0,0,60,39556,395.56,,0,0.018587,
2053013562837697343,5252,5128,0,0,124,109678,1096.78,,0,0.024181,
2053013562871251777,838,836,0,0,2,17499,174.99,,0,0.002392,
2053013562913194819,4457,4308,77,0,72,580090,5800.90,,0,0.016713,0.935065
2053013562946749253,4361,4143,112,0,106,206227,2062.27,appliances.personal.scales,1,0.025585,0.946429
2053013563097744201,6451,6246,105,0,100,406220,4062.20,appliances.personal.hair_cutter,1,0.01601,0.952381
2053013563139687243,4538,4409,70,0,59,349216,3492.16,,0,0.013382,0.842857
2053013563173241677,36446,34689,1005,0,752,3368258,33682.58,,0,0.021678,0.748259
2053013563215184719,1071,1053,0,0,18,34443,344.43,,0,0.017094,
2053013563248739153,415,406,0,0,9,9108,91.08,,0,0.022167,
2053013563273904979,107,106,0,0,1,360,3.60,,0,0.009434,
2053013563307459413,1474,1466,0,0,8,10714,107.14,,0,0.005457,
2053013563332625239,682,675,0,0,7,27509,275.09,,0,0.01037,
2053013563366179673,822,804,8,0,10,135970,1359.70,,0,0.012438,1.25
2053013563391345499,1948,1898,33,0,17,69738,697.38,,0,0.008957,0.515152
2053013563424899933,5450,5411,0,0,39,1767663,17676.63,,0,0.007208,
2053013563450065759,2162,2148,0,0,14,33540,335.40,,0,0.006518,
2053013563483620193,1938,1921,0,0,17,92186,921.86,,0,0.00885,
2053013563517174627,5271,5228,0,0,43,459621,4596.21,,0,0.008225,
2053013563550729061,13712,13568,0,0,144,2343700,23437.00,,0,0.010613,
2053013563584283495,26064,25513,0,0,551,22815120,228151.20,,0,0.021597,
2053013563651392361,79125,78031,0,0,1094,22439299,224392.99,,0,0.01402,
2053013563693335403,49091,48442,0,0,649,11087454,110874.54,,0,0.013397,
2053013563718501229,1806,1778,7,0,21,149214,1492.14,computers.components.cooler,1,0.011811,3.0
2053013563743667055,10895,10685,116,0,94,1049367,10493.67,appliances.kitchen.hood,1,0.008797,0.810345
2053013563768832881,1412,1397,11,0,4,248879,2488.79,,0,0.002863,0.363636
2053013563810775923,86519,82772,2143,0,1604,46310844,463108.44,appliances.kitchen.washer,1,0.019379,0.748483
2053013563835941749,27327,26689,289,0,349,8917516,89175.16,appliances.kitchen.refrigerators,1,0.013077,1.207612
2053013563877884791,10659,10415,133,0,111,2431991,24319.91,appliances.kitchen.hob,1,0.010658,0.834586
2053013563911439225,59999,58223,1042,0,734,27300861,273008.61,appliances.kitchen.refrigerators,1,0.012607,0.704415
2053013563944993659,8307,8147,94,0,66,2510653,25106.53,appliances.kitchen.dishwasher,1,0.008101,0.702128
2053013563970159485,45687,44689,518,0,480,11634137,116341.37,,0,0.010741,0.926641
2053013564003713919,19530,19135,146,0,249,2862371,28623.71,appliances.kitchen.oven,1,0.013013,1.705479
2053013564154708873,2468,2451,3,0,14,446345,4463.45,,0,0.005712,4.666667
2053013564523807647,189,188,1,0,0,0,0.00,sport.trainer,1,0.0,0.0
2053013564557362081,515,512,0,0,3,76192,761.92,,0,0.005859,
2053013564599305123,2213,2171,23,0,19,519522,5195.22,sport.trainer,1,0.008752,0.826087
2053013564641248165,4634,4578,13,0,43,2400790,24007.90,,0,0.009393,3.307692
2053013564674802599,1133,1111,6,0,16,625789,6257.89,sport.trainer,1,0.014401,2.666667
2053013564741911467,2486,2445,0,0,41,157194,1571.94,,0,0.016769,
2053013564918072245,19153,19057,0,0,96,1427519,14275.19,,0,0.005038,
2053013564968403895,2125,2115,0,0,10,53502,535.02,,0,0.004728,
2053013565069067197,27197,27023,0,0,174,1300266,13002.66,apparel.shoes.keds,1,0.006439,
2053013565127787455,3906,3894,0,0,12,77506,775.06,apparel.shoes,1,0.003082,
2053013565152953281,148,148,0,0,0,0,0.00,apparel.shoes.step_ins,1,0.0,
2053013565194896323,114,114,0,0,0,0,0.00,apparel.shoes.sandals,1,0.0,
2053013565228450757,16206,16094,0,0,112,895794,8957.94,apparel.shoes,1,0.006959,
2053013565253616583,1031,1025,0,0,6,49474,494.74,apparel.shoes.moccasins,1,0.005854,
2053013565329114057,328,328,0,0,0,0,0.00,apparel.shoes.slipons,1,0.0,
2053013565362668491,1247,1242,0,0,5,39769,397.69,apparel.shoes.keds,1,0.004026,
2053013565413000141,202,201,0,0,1,2291,22.91,apparel.shoes.slipons,1,0.004975,
2053013565446554575,298,298,0,0,0,0,0.00,apparel.shoes.keds,1,0.0,
2053013565480109009,10793,10719,0,0,74,426958,4269.58,apparel.shoes.keds,1,0.006904,
2053013565505274835,134,134,0,0,0,0,0.00,apparel.shoes.espadrilles,1,0.0,
2053013565589160919,210,210,0,0,0,0,0.00,,0,0.0,
2053013565639492569,27558,27434,0,0,124,1171510,11715.10,apparel.shoes,1,0.00452,
2053013565681435611,230,230,0,0,0,0,0.00,apparel.shoes.sandals,1,0.0,
2053013565706601437,265,265,0,0,0,0,0.00,apparel.shoes.moccasins,1,0.0,
2053013565748544479,2282,2279,0,0,3,11712,117.12,apparel.shoes,1,0.001316,
2053013565782098913,15820,15722,0,0,98,873568,8735.68,apparel.shoes,1,0.006233,
2053013565824041955,451,449,0,0,2,6538,65.38,apparel.shoes.sandals,1,0.004454,
2053013565857596389,273,272,0,0,1,3578,35.78,apparel.shoes.ballet_shoes,1,0.003676,
2053013565882762215,3143,3126,0,0,17,117350,1173.50,,0,0.005438,
2053013565916316649,474,466,4,0,4,17416,174.16,appliances.personal.massager,1,0.008584,1.0
2053013565941482475,1348,1333,3,0,12,44078,440.78,appliances.personal.massager,1,0.009002,4.0
2053013565983425517,76908,74055,1667,0,1186,17241859,172418.59,appliances.environment.vacuum,1,0.016015,0.711458
2053013566033757167,3486,3374,37,0,75,264869,2648.69,appliances.ironing_board,1,0.022229,2.027027
2053013566067311601,2930,2839,53,0,38,1005637,10056.37,,0,0.013385,0.716981
2053013566100866035,15234,14842,236,0,156,3486462,34864.62,appliances.sewing_machine,1,0.010511,0.661017
2053013566142809077,7828,7622,102,0,104,1255255,12552.55,construction.tools.generator,1,0.013645,1.019608
2053013566176363511,16477,15703,404,0,370,2397722,23977.22,appliances.iron,1,0.023562,0.915842
2053013566209917945,7620,7579,0,0,41,308108,3081.08,accessories.bag,1,0.00541,
2053013566243472379,4451,4418,0,0,33,155242,1552.42,accessories.wallet,1,0.007469,
2053013566277026813,257,256,0,0,1,2574,25.74,apparel.belt,1,0.003906,
2053013566310581247,2035,2028,0,0,7,626683,6266.83,,0,0.003452,
2053013566344134657,1953,1920,1,0,32,180261,1802.61,,0,0.016667,32.0
2053013566377689091,742,729,0,0,13,13271,132.71,,0,0.017833,
2053013566411243525,1182,1157,0,0,25,55035,550.35,,0,0.021608,
2053013566453186567,1889,1848,3,0,38,87969,879.69,,0,0.020563,12.666667
2053013566478352393,2701,2659,0,0,42,216795,2167.95,,0,0.015795,
2053013566503518219,2,2,0,0,0,0,0.00,,0,0.0,
2053013566537072653,341,340,1,0,0,0,0.00,kids.swing,1,0.0,0.0
2053013566562238479,6813,6793,0,0,20,28119,281.19,,0,0.002944,
2053013566587404305,1300,1289,3,0,8,77074,770.74,,0,0.006206,2.666667
2055156895844401457,739,727,3,0,9,10734,107.34,,0,0.01238,3.0
2055156924273394455,3958,3919,0,0,39,1057855,10578.55,,0,0.009952,
2055156924315337497,712,710,0,0,2,68006,680.06,,0,0.002817,
2055156924407612189,1082,1076,0,0,6,15575,155.75,accessories.bag,1,0.005576,
2055156924466332447,1650,1641,2,0,7,66413,664.13,,0,0.004266,3.5
2055909009252155819,738,735,1,0,2,514,5.14,,0,0.002721,2.0
2058719829233238746,152,151,0,0,1,1030,10.30,,0,0.006623,
2059484387635888645,394,384,0,0,10,171037,1710.37,,0,0.026042,
2059484599339188409,180,178,0,0,2,15779,157.79,,0,0.011236,
2059484599372742843,15,15,0,0,0,0,0.00,,0,0.0,
2059484599414685885,1520,1512,0,0,8,63014,630.14,,0,0.005291,
2059484599456628927,97,97,0,0,0,0,0.00,,0,0.0,
2059484601444729123,5747,5730,0,0,17,2367268,23672.68,,0,0.002967,
2059484601981600061,139,139,0,0,0,0,0.00,country_yard.furniture.hammok,1,0.0,
2059484602015154495,20,20,0,0,0,0,0.00,country_yard.furniture.bench,1,0.0,
2059484602216481097,1201,1197,0,0,4,463796,4637.96,,0,0.003342,
2060237588744111062,269,268,0,0,1,16410,164.10,,0,0.003731,
2060237591176806498,144,144,0,0,0,0,0.00,,0,0.0,
2060981320481243178,315,315,0,0,0,0,0.00,,0,0.0,
2060981320514797612,144,143,1,0,0,0,0.00,,0,0.0,0.0
2060981320548352046,340,337,1,0,2,1437,14.37,,0,0.005935,2.0
2060981320581906480,1372,1367,2,0,3,27174,271.74,,0,0.002195,1.5
2061717937420501730,3024,2933,48,0,43,287586,2875.86,,0,0.014661,0.895833
2061717948367634684,335,333,0,0,2,2790,27.90,,0,0.006006,
2061717948468297988,1146,1107,25,0,14,19621,196.21,,0,0.012647,0.56
2061717948493463814,2611,2585,14,0,12,31082,310.82,,0,0.004642,0.857143
2062461754293617058,14504,14404,0,0,100,707822,7078.22,,0,0.006943,
2069241407767315312,250,250,0,0,0,0,0.00,apparel.scarf,1,0.0,
2069241409453425602,681,678,0,0,3,121853,1218.53,appliances.kitchen.grill,1,0.004425,
2070004998778912979,133,131,1,0,1,1362,13.62,,0,0.007634,1.0
2070005009172398851,805,803,1,0,1,4363,43.63,,0,0.001245,1.0
2070005009256284935,2411,2410,0,0,1,2445,24.45,,0,4.15E-4,
2070005009382114061,3171,3160,0,0,11,30627,306.27,apparel.underwear,1,0.003481,
2070747671722722162,737,734,0,0,3,54128,541.28,,0,0.004087,
2070747673266226092,937,917,12,0,8,10619,106.19,,0,0.008724,0.666667
2070747673358500784,211,208,2,0,1,1259,12.59,,0,0.004808,0.5
2070747685681365440,6,6,0,0,0,0,0.00,,0,0.0,
2071489994601529806,308,305,2,0,1,770,7.70,,0,0.003279,0.5
2071489994693804498,136,133,1,0,2,1282,12.82,,0,0.015038,2.0
2071490004441367490,1188,1172,0,0,16,31160,311.60,,0,0.013652,
2074462942123786261,173,172,0,0,1,1004,10.04,,0,0.005814,
2075210504652981138,483,473,8,0,2,25288,252.88,,0,0.004228,0.25
2075210506532029436,203,203,0,0,0,0,0.00,,0,0.0,
2075210506573972478,337,335,0,0,2,4659,46.59,,0,0.00597,
2075962323838697472,125,123,0,0,2,6958,69.58,kids.skates,1,0.01626,
2075962341706433246,92,92,0,0,0,0,0.00,,0,0.0,
2075962341748376288,1080,1075,0,0,5,10803,108.03,,0,0.004651,
2075962341790319330,195,195,0,0,0,0,0.00,,0,0.0,
2076715358323998979,7,7,0,0,0,0,0.00,,0,0.0,
2076715364204413467,874,868,0,0,6,13561,135.61,,0,0.006912,
2076715364237967901,55,55,0,0,0,0,0.00,apparel.shorts,1,0.0,
2076715364279910943,123,122,0,0,1,322,3.22,,0,0.008197,
2077453854185620383,306,301,0,0,5,8842,88.42,appliances.kitchen.toster,1,0.016611,
2078957452602114300,148,146,0,0,2,1024,10.24,,0,0.013699,
2078957452635668734,681,664,0,0,17,29282,292.82,,0,0.025602,
2078957452669223168,1003,994,0,0,9,13215,132.15,,0,0.009054,
2078957461921858354,335,333,0,0,2,3220,32.20,,0,0.006006,
2078957461947024180,56,56,0,0,0,0,0.00,apparel.tshirt,1,0.0,
2079713971606127501,422,416,0,0,6,6873,68.73,,0,0.014423,
2079713978300236035,1434,1426,3,0,5,76708,767.08,,0,0.003506,1.666667
2079713979038433581,22,22,0,0,0,0,0.00,apparel.shoes,1,0.0,
2079713982830084515,284,282,1,0,1,18042,180.42,,0,0.003546,1.0
2079713983761220055,953,949,0,0,4,22860,228.60,,0,0.004215,
2080463777567867259,246,241,0,0,5,3015,30.15,,0,0.020747,
2080463777718862211,259,255,0,0,4,2533,25.33,,0,0.015686,
2082717806897398246,97,97,0,0,0,0,0.00,,0,0.0,
2084217994270999025,3007,2933,40,0,34,354609,3546.09,,0,0.011592,0.85
2084218014168776941,707,701,2,0,4,50720,507.20,,0,0.005706,2.0
2084962291626803333,263,262,0,0,1,1638,16.38,,0,0.003817,
2084962304016777941,2465,2459,0,0,6,81858,818.58,apparel.costume,1,0.00244,
2085718636156158307,11008,10952,0,0,56,417887,4178.87,,0,0.005113,
2086471225382536008,338,338,0,0,0,0,0.00,,0,0.0,
2086471239416676686,894,877,10,0,7,39446,394.46,,0,0.007982,0.7
2086471240800797129,1183,1182,0,0,1,7334,73.34,apparel.trousers,1,8.46E-4,
2086471240842740173,1250,1245,0,0,5,14800,148.00,apparel.shirt,1,0.004016,
2088750507198775704,423,409,7,0,7,8998,89.98,,0,0.017115,1.0
2088750570935419494,4,4,0,0,0,0,0.00,construction.tools.painting,1,0.0,
2089490106086851034,1624,1615,0,0,9,109653,1096.53,,0,0.005573,
2089490116119625748,428,423,0,0,5,3001,30.01,,0,0.01182,
2090228401527849663,1811,1795,2,0,14,15086,150.86,,0,0.007799,7.0
2090228413380952337,1279,1278,0,0,1,2034,20.34,apparel.underwear,1,7.82E-4,
2090228413959766319,2559,2552,0,0,7,55179,551.79,,0,0.002743,
2090971675423146874,60,60,0,0,0,0,0.00,,0,0.0,
2090971680431145002,139,139,0,0,0,0,0.00,,0,0.0,
2090971680481476652,95,95,0,0,0,0,0.00,,0,0.0,
2090971680783466556,1702,1691,0,0,11,407704,4077.04,,0,0.006505,
2090971685539807320,62,62,0,0,0,0,0.00,,0,0.0,
2090971686529663114,1634,1619,0,0,15,57681,576.81,appliances.environment.vacuum,1,0.009265,
2091727629378912491,620,620,0,0,0,0,0.00,,0,0.0,
2094006184079000416,270,268,0,0,2,32948,329.48,,0,0.007463,
2094006249627582860,380,379,0,0,1,2548,25.48,accessories.umbrella,1,0.002639,
2095518906859913319,1293,1281,5,0,7,67719,677.19,,0,0.005464,1.4
2095518917320508073,1642,1635,0,0,7,13818,138.18,,0,0.004281,
2095518921321874323,5553,5532,0,0,21,325718,3257.18,furniture.living_room.cabinet,1,0.003796,
2095518921355428757,1298,1297,0,0,1,40696,406.96,,0,7.71E-4,
2096280510920655375,566,565,0,0,1,78346,783.46,construction.tools.saw,1,0.00177,
2096280538292683405,1186,1156,7,0,23,68943,689.43,appliances.kitchen.kettle,1,0.019896,3.285714
2096280601366626625,4394,4349,0,0,45,272824,2728.24,,0,0.010347,
2097815753423061045,1438,1432,1,0,5,19241,192.41,apparel.tshirt,1,0.003492,5.0
2098563440799908223,520,516,0,0,4,58365,583.65,,0,0.007752,
2098563448148329133,345,342,0,0,3,18813,188.13,,0,0.008772,
2098563450757186313,597,590,3,0,4,4521,45.21,construction.tools.light,1,0.00678,1.333333
2098563460336976001,118,118,0,0,0,0,0.00,construction.tools.pump,1,0.0,
2099306010899383229,989,978,3,0,8,41850,418.50,,0,0.00818,2.666667
2100064855133258156,292,290,0,0,2,8878,88.78,apparel.shoes,1,0.006897,
2100064858975240628,446,440,0,0,6,76570,765.70,furniture.kitchen.table,1,0.013636,
2100065069009208002,136,136,0,0,0,0,0.00,,0,0.0,
2100065069302809284,451,447,2,0,2,34097,340.97,,0,0.004474,1.0
2100065080828756704,861,858,0,0,3,167623,1676.23,auto.accessories.winch,1,0.003497,
2100825583029060150,2350,2338,0,0,12,59129,591.29,apparel.jeans,1,0.005133,
2102305967893905931,768,764,0,0,4,34476,344.76,,0,0.005236,
2102307650380235197,4870,4846,0,0,24,572867,5728.67,,0,0.004953,
2103807459595387724,556,550,0,0,6,8057,80.57,,0,0.010909,
2104564977229628393,2837,2820,0,0,17,90409,904.09,,0,0.006028,
2105319817211805903,115,113,0,0,2,33668,336.68,,0,0.017699,
2105319819401232597,875,869,0,0,6,255447,2554.47,,0,0.006904,
2106075662325383725,2823,2766,17,0,40,510962,5109.62,kids.swing,1,0.014461,2.352941
2106075695351333719,534,533,0,0,1,1240,12.40,,0,0.001876,
2106075725441269865,1664,1656,0,0,8,48342,483.42,,0,0.004831,
2106830258215846573,305,304,0,0,1,5239,52.39,,0,0.003289,
2109094148110811752,738,732,1,0,5,10927,109.27,computers.notebook,1,0.006831,5.0
2109094161893294334,405,404,0,0,1,4119,41.19,apparel.costume,1,0.002475,
2110187392055903187,383,377,2,0,4,40882,408.82,,0,0.01061,2.0
2110187395394568257,1817,1811,5,0,1,66878,668.78,appliances.kitchen.refrigerators,1,5.52E-4,0.2
2110187395688169553,88,87,0,0,1,3061,30.61,apparel.skirt,1,0.011494,
2110187395721723987,67,67,0,0,0,0,0.00,apparel.costume,1,0.0,
2110187395755278421,158,157,0,0,1,3987,39.87,,0,0.006369,
2110187395788832855,20,20,0,0,0,0,0.00,apparel.shirt,1,0.0,
2110937143172923797,550,539,4,0,7,13985,139.85,construction.tools.light,1,0.012987,1.75
2110937189033444097,333,332,0,0,1,6433,64.33,accessories.bag,1,0.003012,
2110937189394154243,1028,1025,0,0,3,61513,615.13,,0,0.002927,
2110937217663763331,35,35,0,0,0,0,0.00,apparel.jacket,1,0.0,
2110937218225800069,110,110,0,0,0,0,0.00,apparel.dress,1,0.0,
2110937219005940617,79,79,0,0,0,0,0.00,apparel.trousers,1,0.0,
2110937219442148235,31,31,0,0,0,0,0.00,,0,0.0,
2110937221648352149,105,105,0,0,0,0,0.00,apparel.trousers,1,0.0,
2110937222638207897,732,731,0,0,1,7261,72.61,,0,0.001368,
2110937223082804123,205,203,0,0,2,11756,117.56,furniture.living_room.cabinet,1,0.009852,
2112418071384687332,493,492,0,0,1,12052,120.52,,0,0.002033,
2112418215870071678,4,4,0,0,0,0,0.00,,0,0.0,
2113934850560885372,898,897,0,0,1,4233,42.33,apparel.shoes.keds,1,0.001115,
2116907504691576833,882,869,5,0,8,28596,285.96,,0,0.009206,1.6
2116907507795361987,572,563,5,0,4,20512,205.12,,0,0.007105,0.8
2116907507954745551,335,335,0,0,0,0,0.00,,0,0.0,
2116907518801216297,249,248,0,0,1,15831,158.31,,0,0.004032,
2116907519078040377,6239,6207,0,0,32,298335,2983.35,apparel.shoes,1,0.005155,
2116907524262199379,161,161,0,0,0,0,0.00,apparel.shoes,1,0.0,
2116907524295753813,191,191,0,0,0,0,0.00,apparel.shoes.keds,1,0.0,
2116907524337696855,92,92,0,0,0,0,0.00,apparel.shoes.keds,1,0.0,
2116907524379639897,1022,1016,0,0,6,34848,348.48,apparel.shoes,1,0.005906,
2116907524488691805,85,85,0,0,0,0,0.00,apparel.shoes.keds,1,0.0,
2116907524530634847,122,122,0,0,0,0,0.00,apparel.shoes,1,0.0,
2116907524572577889,1394,1389,0,0,5,31245,312.45,apparel.shoes,1,0.0036,
2116907525143003265,236,234,2,0,0,0,0.00,sport.bicycle,1,0.0,0.0
2116907525176557699,11061,10923,63,0,75,1938138,19381.38,sport.bicycle,1,0.006866,1.190476
2116907525201723525,190,186,2,0,2,30838,308.38,,0,0.010753,1.0
2116907525235277959,939,931,5,0,3,281567,2815.67,sport.bicycle,1,0.003222,0.6
2119149008294249184,800,757,30,0,13,89805,898.05,,0,0.017173,0.433333
2119910569631810087,349,346,2,0,1,20696,206.96,,0,0.00289,0.5
2124430574616576362,206,201,1,0,4,9777,97.77,,0,0.0199,4.0
2125175529001713727,651,646,1,0,4,79410,794.10,,0,0.006192,4.0
2125175570022007765,617,617,0,0,0,0,0.00,,0,0.0,
2125931803410694331,1574,1572,0,0,2,25020,250.20,,0,0.001272,
2126679652444405974,383,382,0,0,1,3165,31.65,,0,0.002618,
2126679654801604876,2430,2409,0,0,21,45359,453.59,accessories.bag,1,0.008717,
2126679657276244294,143,142,0,0,1,3835,38.35,,0,0.007042,
2127424806855902066,351,351,0,0,0,0,0.00,,0,0.0,
2127424820051182462,259,255,2,0,2,19174,191.74,apparel.sock,1,0.007843,1.0
2127425270821421370,235,235,0,0,0,0,0.00,,0,0.0,
2127425375913902544,2324,2318,0,0,6,51569,515.69,,0,0.002588,
2127425430859285014,135,131,0,0,4,2806,28.06,,0,0.030534,
2127425432411177496,200,189,0,0,11,5072,50.72,,0,0.058201,
2127425433661080090,62,58,0,0,4,10192,101.92,,0,0.068966,
2127425434894205468,1453,1442,0,0,11,146559,1465.59,construction.tools.painting,1,0.007628,
2127425436764865054,9382,9089,193,0,100,1600970,16009.70,construction.tools.welding,1,0.011002,0.518135
2127425438190928416,311,304,0,0,7,58502,585.02,,0,0.023026,
2127425439776375330,652,641,2,0,9,88613,886.13,,0,0.014041,4.5
2127425440925614628,2688,2646,13,0,29,274964,2749.64,,0,0.01096,2.230769
2134904816839688395,374,374,0,0,0,0,0.00,,0,0.0,
2134904835026190593,144,142,0,0,2,6307,63.07,,0,0.014085,
2134904980736311929,379,363,9,0,7,8501,85.01,electronics.clocks,1,0.019284,0.777778
2134904982346924669,4,4,0,0,0,0,0.00,electronics.clocks,1,0.0,
2134905019189691101,2,2,0,0,0,0,0.00,,0,0.0,
2134905035589419799,754,753,0,0,1,6299,62.99,,0,0.001328,
2134905039313961849,672,669,0,0,3,10846,108.46,,0,0.004484,
2134905041696326587,2186,2181,0,0,5,260264,2602.64,,0,0.002293,
2134905044766557181,769,752,6,0,11,264347,2643.47,appliances.environment.vacuum,1,0.014628,1.833333
2134905044833666047,2769,2714,23,0,32,498556,4985.56,auto.accessories.compressor,1,0.011791,1.391304
2134905045102100487,449,436,6,0,7,107387,1073.87,furniture.kitchen.table,1,0.016055,1.166667
2134905045177597961,173,172,0,0,1,4303,43.03,sport.tennis,1,0.005814,
2134905045253095435,176,176,0,0,0,0,0.00,sport.tennis,1,0.0,
2134905045328592909,221,219,0,0,2,6950,69.50,,0,0.009132,
2134905045613805589,3073,3070,0,0,3,46333,463.33,,0,9.77E-4,
2135658359968236364,272,272,0,0,0,0,0.00,,0,0.0,
2135658542101693154,107,107,0,0,0,0,0.00,sport.snowboard,1,0.0,
2135658542386905834,5232,5221,0,0,11,178229,1782.29,,0,0.002107,
2135658542781170420,884,880,0,0,4,38610,386.10,apparel.shoes,1,0.004545,
2135658543242543872,418,418,0,0,0,0,0.00,apparel.shoes,1,0.0,
2135658545893344074,13,13,0,0,0,0,0.00,,0,0.0,
2136221634460123799,845,843,0,0,2,24995,249.95,,0,0.002372,
2136389353511846005,66,66,0,0,0,0,0.00,apparel.shoes.sandals,1,0.0,
2136389354015162499,32,32,0,0,0,0,0.00,apparel.shoes.sandals,1,0.0,
2136935916512478049,367,354,9,0,4,4366,43.66,appliances.kitchen.kettle,1,0.011299,0.444444
2137134548792640183,1,1,0,0,0,0,0.00,apparel.shoes.moccasins,1,0.0,
2137134549706998477,48,48,0,0,0,0,0.00,apparel.shoes.moccasins,1,0.0,
2137704922018218396,1990,1989,0,0,1,12742,127.42,,0,5.03E-4,
2137704926053138958,3781,3770,0,0,11,89634,896.34,,0,0.002918,
2138568472580325973,463,463,0,0,0,0,0.00,sport.bicycle,1,0.0,
2139150089359196199,1633,1622,0,0,11,16543,165.43,accessories.bag,1,0.006782,
2141229835995840847,377,375,0,0,2,9225,92.25,,0,0.005333,
2141355031935321056,191,185,6,0,0,0,0.00,stationery.cartrige,1,0.0,0.0
2141355067922449282,116,116,0,0,0,0,0.00,,0,0.0,
2141355068383822734,1453,1367,63,0,23,61154,611.54,,0,0.016825,0.365079
2141478391264576072,110,109,0,0,1,468,4.68,,0,0.009174,
2141478391348462154,168,166,0,0,2,1616,16.16,,0,0.012048,
2141478496122176368,24,24,0,0,0,0,0.00,,0,0.0,
2142047355153678986,95,95,0,0,0,0,0.00,,0,0.0,
2142171269733286244,212,210,0,0,2,16747,167.47,,0,0.009524,
2144356630513320518,10060,10033,0,0,27,3951194,39511.94,,0,0.002691,
2144916515806248980,557,554,2,0,1,9301,93.01,construction.tools.saw,1,0.001805,0.5
2145153815500816706,497,496,0,0,1,5998,59.98,,0,0.002016,
2145603402644587402,181,180,0,0,1,4919,49.19,,0,0.005556,
2145727399348666855,205,204,0,0,1,4106,41.06,,0,0.004902,
2145727399449330153,53,53,0,0,0,0,0.00,,0,0.0,
2145727399558382059,205,205,0,0,0,0,0.00,,0,0.0,
2146430800906682785,51,50,0,0,1,541,5.41,,0,0.02,
2146430800990568867,159,158,0,0,1,503,5.03,,0,0.006329,
2146430820443751321,8,8,0,0,0,0,0.00,apparel.shoes.ballet_shoes,1,0.0,
2146551843914777018,3130,3118,0,0,12,174183,1741.83,apparel.costume,1,0.003849,
2146551844904632788,35,35,0,0,0,0,0.00,apparel.tshirt,1,0.0,
2146551904958677622,73,73,0,0,0,0,0.00,,0,0.0,
2146660886926852416,230,230,0,0,0,0,0.00,,0,0.0,
2146660887002349890,3580,3578,0,0,2,16989,169.89,apparel.dress,1,5.59E-4,
2146660887094624580,3275,3271,0,0,4,15393,153.93,apparel.jeans,1,0.001223,
2146660887203676486,7702,7679,0,0,23,136164,1361.64,apparel.costume,1,0.002995,
2146660887346282824,402,401,0,0,1,4633,46.33,apparel.tshirt,1,0.002494,
2147123662791115686,298,296,0,0,2,12094,120.94,,0,0.006757,
2147123662858224552,33,33,0,0,0,0,0.00,auto.accessories.anti_freeze,1,0.0,
2147846602826449803,640,616,18,0,6,127194,1271.94,,0,0.00974,0.333333
2149484526546452752,222,222,0,0,0,0,0.00,apparel.trousers,1,0.0,
2149484852091552186,29,29,0,0,0,0,0.00,,0,0.0,
2149939352476582010,74,73,0,0,1,561,5.61,,0,0.013699,
2150829657950257794,110,110,0,0,0,0,0.00,,0,0.0,
2150829667932701348,5,5,0,0,0,0,0.00,,0,0.0,
2150829923885908490,18,18,0,0,0,0,0.00,,0,0.0,
2150829948548416122,59,59,0,0,0,0,0.00,construction.tools.soldering,1,0.0,
2150829959453606568,182,176,6,0,0,0,0.00,,0,0.0,0.0
2151563850841850061,552,538,8,0,6,8159,81.59,,0,0.011152,0.75
2151564008329576933,6,6,0,0,0,0,0.00,,0,0.0,
2151564095713706619,35,35,0,0,0,0,0.00,,0,0.0,
2152167773222993940,3300,3290,0,0,10,80041,800.41,,0,0.00304,
2152289023127715889,320,319,0,0,1,2034,20.34,,0,0.003135,
2152289064542273825,380,365,12,0,3,9222,92.22,,0,0.008219,0.25
2155114825741500949,73,73,0,0,0,0,0.00,,0,0.0,
2155241212938814273,4,4,0,0,0,0,0.00,,0,0.0,
2155812777791324581,173,169,2,0,2,97140,971.40,,0,0.011834,1.0
2156501936323428882,35,35,0,0,0,0,0.00,,0,0.0,
2156718775112565355,383,383,0,0,0,0,0.00,,0,0.0,
2158174724725670855,352,344,7,0,1,5146,51.46,,0,0.002907,0.142857
2158174729414901910,6,6,0,0,0,0,0.00,,0,0.0,
2159419215583380463,3,3,0,0,0,0,0.00,,0,0.0,
2159535974915244827,1,1,0,0,0,0,0.00,,0,0.0,
2159649186167915110,79,78,0,0,1,1506,15.06,,0,0.012821,
2160098698049093979,77,75,1,0,1,4788,47.88,,0,0.013333,1.0
2160912607672795565,19,19,0,0,0,0,0.00,,0,0.0,
2160912655915679819,2,2,0,0,0,0,0.00,,0,0.0,
2162513024617808683,2,2,0,0,0,0,0.00,,0,0.0,
2162513070000177858,24,24,0,0,0,0,0.00,,0,0.0,
2162513070503494350,76,73,2,0,1,2674,26.74,construction.tools.welding,1,0.013699,0.5
2162513074060264222,40,40,0,0,0,0,0.00,,0,0.0,
2163334577303585455,7,7,0,0,0,0,0.00,apparel.shoes,1,0.0,
2163334578259886795,4,4,0,0,0,0,0.00,apparel.shoes,1,0.0,
2164367422893589471,6729,6679,2,0,48,133282,1332.82,,0,0.007187,24.0
2164478103445832281,5,5,0,0,0,0,0.00,apparel.shoes,1,0.0,
2164478104343413363,2,2,0,0,0,0,0.00,apparel.shoes,1,0.0,
2165087460176953468,3018,2989,2,0,27,119783,1197.83,auto.accessories.compressor,1,0.009033,13.5
2166064855264526831,242,240,0,0,2,6126,61.26,apparel.jumper,1,0.008333,
2172371118332051820,138,137,0,0,1,10785,107.85,apparel.shoes,1,0.007299,
2172371122509578610,111,110,0,0,1,14394,143.94,apparel.shoes,1,0.009091,
2172371436436455782,28304,26908,837,0,559,15900464,159004.64,electronics.tablet,1,0.020774,0.667861
2173216765583032544,84,84,0,0,0,0,0.00,apparel.shirt,1,0.0,
2175419595093967522,2228,2227,0,0,1,30863,308.63,,0,4.49E-4,
