brand,events,views,carts,removes,purchases,revenue_minor,revenue,view_to_purchase,cart_to_purchase
__UNKNOWN__,61313,60514,187,0,612,9994563,99945.63,0.010113,3.272727
a-case,70,68,0,0,2,1670,16.70,0.029412,
a-derma,4,4,0,0,0,0,0.00,0.0,
a-elita,3,3,0,0,0,0,0.00,0.0,
a-mega,5,4,0,0,1,6693,66.93,0.25,
aardwolf,1,1,0,0,0,0,0.00,0.0,
abk,2,2,0,0,0,0,0.00,0.0,
abtoys,7,7,0,0,0,0,0.00,0.0,
accord,1,1,0,0,0,0,0.00,0.0,
acd,1,1,0,0,0,0,0.00,0.0,
acebeam,1,1,0,0,0,0,0.00,0.0,
acer,4167,4011,92,0,64,3107303,31073.03,0.015956,0.695652
achilles,14,14,0,0,0,0,0.00,0.0,
acm,3,3,0,0,0,0,0.00,0.0,
acme,125,125,0,0,0,0,0.00,0.0,
acqua,3,3,0,0,0,0,0.00,0.0,
activision,25,25,0,0,0,0,0.00,0.0,
acuvue,20,19,0,0,1,2317,23.17,0.052632,
acv,10,10,0,0,0,0,0.00,0.0,
adam,2,2,0,0,0,0,0.00,0.0,
adamas,2,2,0,0,0,0,0.00,0.0,
adamex,60,60,0,0,0,0,0.00,0.0,
adata,49,49,0,0,0,0,0.00,0.0,
addlink,1,1,0,0,0,0,0.00,0.0,
adelline,8,8,0,0,0,0,0.00,0.0,
adidas,270,270,0,0,0,0,0.00,0.0,
adil,99,97,0,0,2,22910,229.10,0.020619,
adile,20,19,0,0,1,6693,66.93,0.052632,
admira,23,21,1,0,1,17710,177.10,0.047619,1.0
adriatica,40,40,0,0,0,0,0.00,0.0,
advan,5,5,0,0,0,0,0.00,0.0,
aeg,34,33,0,0,1,3991,39.91,0.030303,
aeolus,12,12,0,0,0,0,0.00,0.0,
aero,32,32,0,0,0,0,0.00,0.0,
aerocool,286,279,1,0,6,39987,399.87,0.021505,6.0
aeroforce,474,470,3,0,1,14543,145.43,0.002128,0.333333
aerosystem,4,4,0,0,0,0,0.00,0.0,
afnan,26,26,0,0,0,0,0.00,0.0,
afox,7,7,0,0,0,0,0.00,0.0,
ag,6,6,0,0,0,0,0.00,0.0,
agatharuizdelaprada,1,1,0,0,0,0,0.00,0.0,
agl,67,67,0,0,0,0,0.00,0.0,
agness,61,61,0,0,0,0,0.00,0.0,
agu,7,6,0,0,1,9264,92.64,0.166667,
aileron,3,3,0,0,0,0,0.00,0.0,
aimoto,212,209,3,0,0,0,0.00,0.0,0.0
air-cool,14,14,0,0,0,0,0.00,0.0,
airline,14,14,0,0,0,0,0.00,0.0,
airwheel,8,7,1,0,0,0,0.00,0.0,0.0
aivengo,25,25,0,0,0,0,0.00,0.0,
akai,32,32,0,0,0,0,0.00,0.0,
akel,1,1,0,0,0,0,0.00,0.0,
akg,6,5,0,0,1,26873,268.73,0.2,
akom,94,91,0,0,3,20079,200.79,0.032967,
akpo,21,21,0,0,0,0,0.00,0.0,
aksion,2,2,0,0,0,0,0.00,0.0,
akvarel,2,2,0,0,0,0,0.00,0.0,
akvaton,49,49,0,0,0,0,0.00,0.0,
al-ko,6,6,0,0,0,0,0.00,0.0,
alavann,1,1,0,0,0,0,0.00,0.0,
alca,10,10,0,0,0,0,0.00,0.0,
alcasta,36,36,0,0,0,0,0.00,0.0,
alcon,11,11,0,0,0,0,0.00,0.0,
alctron,4,4,0,0,0,0,0.00,0.0,
alerana,6,6,0,0,0,0,0.00,0.0,
alesis,123,122,0,0,1,15911,159.11,0.008197,
alex,1,1,0,0,0,0,0.00,0.0,
alexandre.j,4,4,0,0,0,0,0.00,0.0,
alexika,9,9,0,0,0,0,0.00,0.0,
algotherm,3,3,0,0,0,0,0.00,0.0,
alilo,3,2,0,0,1,5354,53.54,0.5,
alinex,1,1,0,0,0,0,0.00,0.0,
alis,128,128,0,0,0,0,0.00,0.0,
alkor,28,28,0,0,0,0,0.00,0.0,
alligator,35,35,0,0,0,0,0.00,0.0,
allocacoc,2,2,0,0,0,0,0.00,0.0,
allvega,8,8,0,0,0,0,0.00,0.0,
almacom,253,252,0,0,1,25260,252.60,0.003968,
almada,2,2,0,0,0,0,0.00,0.0,
alondra,1,1,0,0,0,0,0.00,0.0,
alphaline,10,10,0,0,0,0,0.00,0.0,
alphard,227,225,0,0,2,15316,153.16,0.008889,
alpicool,13,13,0,0,0,0,0.00,0.0,
alpika,2,2,0,0,0,0,0.00,0.0,
alpina,37,37,0,0,0,0,0.00,0.0,
alpine,437,434,1,0,2,25869,258.69,0.004608,2.0
alser,7,7,0,0,0,0,0.00,0.0,
altacto,2,2,0,0,0,0,0.00,0.0,
altair,15,15,0,0,0,0,0.00,0.0,
alteco,503,496,2,0,5,18582,185.82,0.010081,2.5
altenzo,17,17,0,0,0,0,0.00,0.0,
alterna,3,3,0,0,0,0,0.00,0.0,
altinbasak,11,11,0,0,0,0,0.00,0.0,
alutec,26,26,0,0,0,0,0.00,0.0,
alvitek,39,39,0,0,0,0,0.00,0.0,
am.pm,13,13,0,0,0,0,0.00,0.0,
amalbooks,2,1,0,0,1,1158,11.58,1.0,
amarobaby,2,2,0,0,0,0,0.00,0.0,
amazon,56,56,0,0,0,0,0.00,0.0,
ambition,5,5,0,0,0,0,0.00,0.0,
amd,156,156,0,0,0,0,0.00,0.0,
amefa,3,3,0,0,0,0,0.00,0.0,
amf,2,2,0,0,0,0,0.00,0.0,
amigami,1,1,0,0,0,0,0.00,0.0,
amos,3,3,0,0,0,0,0.00,0.0,
amouage,23,23,0,0,0,0,0.00,0.0,
ampeg,1,1,0,0,0,0,0.00,0.0,
ams,36,36,0,0,0,0,0.00,0.0,
amtel,5,5,0,0,0,0,0.00,0.0,
anesi,1,1,0,0,0,0,0.00,0.0,
anex,53,53,0,0,0,0,0.00,0.0,
annaanna,17,17,0,0,0,0,0.00,0.0,
anon,6,6,0,0,0,0,0.00,0.0,
anskin,5,5,0,0,0,0,0.00,0.0,
ansmann,30,30,0,0,0,0,0.00,0.0,
ant,4,4,0,0,0,0,0.00,0.0,
anta,13,13,0,0,0,0,0.00,0.0,
antika,3,3,0,0,0,0,0.00,0.0,
anytek,92,89,0,0,3,23940,239.40,0.033708,
aoc,60,60,0,0,0,0,0.00,0.0,
aoki,2,2,0,0,0,0,0.00,0.0,
aorus,3,3,0,0,0,0,0.00,0.0,
aoteli,33,32,0,0,1,5045,50.45,0.03125,
apacer,165,161,0,0,4,22832,228.32,0.024845,
apache,13,13,0,0,0,0,0.00,0.0,
apart,2,2,0,0,0,0,0.00,0.0,
apc,5,5,0,0,0,0,0.00,0.0,
apex,3,3,0,0,0,0,0.00,0.0,
aplus,24,24,0,0,0,0,0.00,0.0,
apollo,50,47,2,0,1,1259,12.59,0.021277,0.5
apple,41327,37746,2138,0,1443,110988318,1109883.18,0.038229,0.67493
appollo,35,35,0,0,0,0,0.00,0.0,
aqua,162,158,2,0,2,6147,61.47,0.012658,1.0
aquamarine,103,100,0,0,3,4955,49.55,0.03,
aquapick,11,11,0,0,0,0,0.00,0.0,
aquatic,2,2,0,0,0,0,0.00,0.0,
aquavis,4,4,0,0,0,0,0.00,0.0,
aquilon,1,1,0,0,0,0,0.00,0.0,
ara,9,9,0,0,0,0,0.00,0.0,
ardahali,8,8,0,0,0,0,0.00,0.0,
ardell,3,3,0,0,0,0,0.00,0.0,
ardesia,4,4,0,0,0,0,0.00,0.0,
arena,24,24,0,0,0,0,0.00,0.0,
arg,435,403,20,0,12,113775,1137.75,0.029777,0.6
aria,2,2,0,0,0,0,0.00,0.0,
ariete,13,13,0,0,0,0,0.00,0.0,
ariston,720,688,14,0,18,210081,2100.81,0.026163,1.285714
ark,1,1,0,0,0,0,0.00,0.0,
arkadia,1,1,0,0,0,0,0.00,0.0,
armani,158,158,0,0,0,0,0.00,0.0,
armos,4,4,0,0,0,0,0.00,0.0,
arnica,214,211,0,0,3,64807,648.07,0.014218,
arpenaz,14,14,0,0,0,0,0.00,0.0,
arrivo,7,7,0,0,0,0,0.00,0.0,
arsi,20,20,0,0,0,0,0.00,0.0,
art-visage,6,6,0,0,0,0,0.00,0.0,
artel,3446,3321,63,0,62,994998,9949.98,0.018669,0.984127
artmusical,153,152,0,0,1,30889,308.89,0.006579,
arturia,1,1,0,0,0,0,0.00,0.0,
artway,9,9,0,0,0,0,0.00,0.0,
arua,95,94,0,0,1,855,8.55,0.010638,
asel,299,293,0,0,6,30115,301.15,0.020478,
asics,132,132,0,0,0,0,0.00,0.0,
askona,211,211,0,0,0,0,0.00,0.0,
asm,5,5,0,0,0,0,0.00,0.0,
asrock,177,175,1,0,1,6068,60.68,0.005714,1.0
aston,10,10,0,0,0,0,0.00,0.0,
asus,2215,2167,30,0,18,1079629,10796.29,0.008306,0.6
asustor,2,2,0,0,0,0,0.00,0.0,
atelier,4,4,0,0,0,0,0.00,0.0,
ateliero,1,1,0,0,0,0,0.00,0.0,
aten,1,1,0,0,0,0,0.00,0.0,
atlant,830,817,7,0,6,144812,1448.12,0.007344,0.857143
atlantic,116,112,0,0,4,88790,887.90,0.035714,
atlas,1,1,0,0,0,0,0.00,0.0,
atomic,6,6,0,0,0,0,0.00,0.0,
atrai,6,6,0,0,0,0,0.00,0.0,
ats,16,16,0,0,0,0,0.00,0.0,
attribute,8,8,0,0,0,0,0.00,0.0,
audac,2,2,0,0,0,0,0.00,0.0,
audio-technica,41,41,0,0,0,0,0.00,0.0,
audiotop,1,1,0,0,0,0,0.00,0.0,
audison,35,35,0,0,0,0,0.00,0.0,
aurora,12,11,0,0,1,1339,13.39,0.090909,
ausini,35,34,0,0,1,1799,17.99,0.029412,
author,20,20,0,0,0,0,0.00,0.0,
autojet,4,4,0,0,0,0,0.00,0.0,
autoline,8,8,0,0,0,0,0.00,0.0,
autopower,2,2,0,0,0,0,0.00,0.0,
autoprofi,48,48,0,0,0,0,0.00,0.0,
autovirazh,10,10,0,0,0,0,0.00,0.0,
ava,48,48,0,0,0,0,0.00,0.0,
avalon,106,105,0,0,1,30811,308.11,0.009524,
avatar,70,69,0,0,1,4788,47.88,0.014493,
avel,21,20,0,0,1,5534,55.34,0.05,
avene,15,15,0,0,0,0,0.00,0.0,
avengers,1,1,0,0,0,0,0.00,0.0,
avis,9,9,0,0,0,0,0.00,0.0,
avizor,4,3,0,0,1,515,5.15,0.333333,
avs,5,5,0,0,0,0,0.00,0.0,
awei,78,76,1,0,1,2489,24.89,0.013158,1.0
axis,146,146,0,0,0,0,0.00,0.0,
axper,69,69,0,0,0,0,0.00,0.0,
azzaro,6,6,0,0,0,0,0.00,0.0,
b-kids,1,1,0,0,0,0,0.00,0.0,
baboo,4,4,0,0,0,0,0.00,0.0,
babor,12,12,0,0,0,0,0.00,0.0,
babybotte,24,24,0,0,0,0,0.00,0.0,
babygo,11,10,0,0,1,9524,95.24,0.1,
babyhit,9,9,0,0,0,0,0.00,0.0,
babykiss,19,19,0,0,0,0,0.00,0.0,
babyliss,288,277,7,0,4,27578,275.78,0.01444,0.571429
babylisspro,19,19,0,0,0,0,0.00,0.0,
babylock,9,9,0,0,0,0,0.00,0.0,
babymoov,2,2,0,0,0,0,0.00,0.0,
babyono,7,7,0,0,0,0,0.00,0.0,
babys,16,16,0,0,0,0,0.00,0.0,
babyswing,1,1,0,0,0,0,0.00,0.0,
babytime,154,147,1,0,6,36373,363.73,0.040816,6.0
babywood,4,4,0,0,0,0,0.00,0.0,
babyzen,42,42,0,0,0,0,0.00,0.0,
babyzz,10,10,0,0,0,0,0.00,0.0,
baden,1279,1271,0,0,8,45896,458.96,0.006294,
bafang,21,21,0,0,0,0,0.00,0.0,
baige,13,13,0,0,0,0,0.00,0.0,
bakugan,2,2,0,0,0,0,0.00,0.0,
baldessarini,4,4,0,0,0,0,0.00,0.0,
ballarini,8,7,0,0,1,3215,32.15,0.142857,
ballistix,3,3,0,0,0,0,0.00,0.0,
ballu,256,252,1,0,3,15574,155.74,0.011905,3.0
balmain,6,6,0,0,0,0,0.00,0.0,
balta,184,184,0,0,0,0,0.00,0.0,
baltekstil,10,10,0,0,0,0,0.00,0.0,
balterio,1,1,0,0,0,0,0.00,0.0,
bambi,1,1,0,0,0,0,0.00,0.0,
bambini,14,14,0,0,0,0,0.00,0.0,
bambola,93,93,0,0,0,0,0.00,0.0,
banbao,2,2,0,0,0,0,0.00,0.0,
bandai,2,2,0,0,0,0,0.00,0.0,
baratto,13,13,0,0,0,0,0.00,0.0,
barbie,61,61,0,0,0,0,0.00,0.0,
bardahl,71,71,0,0,0,0,0.00,0.0,
barneo,43,42,0,0,1,3629,36.29,0.02381,
barokko,13,13,0,0,0,0,0.00,0.0,
bars,270,265,0,0,5,29158,291.58,0.018868,
barty,8,8,0,0,0,0,0.00,0.0,
basharan,3,3,0,0,0,0,0.00,0.0,
basic,7,7,0,0,0,0,0.00,0.0,
basik,21,21,0,0,0,0,0.00,0.0,
battipav,6,6,0,0,0,0,0.00,0.0,
baudet,2,2,0,0,0,0,0.00,0.0,
bauer,36,36,0,0,0,0,0.00,0.0,
bayerlux,1,1,0,0,0,0,0.00,0.0,
bazhou,6,6,0,0,0,0,0.00,0.0,
bbk,28,28,0,0,0,0,0.00,0.0,
bburago,29,28,1,0,0,0,0.00,0.0,0.0
beats,52,51,0,0,1,22881,228.81,0.019608,
beautycreations,2,2,0,0,0,0,0.00,0.0,
becker,2,2,0,0,0,0,0.00,0.0,
beeline,6,6,0,0,0,0,0.00,0.0,
behringer,13,13,0,0,0,0,0.00,0.0,
beijing,1,1,0,0,0,0,0.00,0.0,
beisier,4,4,0,0,0,0,0.00,0.0,
beko,2185,2095,52,0,38,873207,8732.07,0.018138,0.730769
bela,12,12,0,0,0,0,0.00,0.0,
belashoff,45,45,0,0,0,0,0.00,0.0,
belcat,1,1,0,0,0,0,0.00,0.0,
belecoo,412,403,3,0,6,67397,673.97,0.014888,2.0
belkin,1,1,0,0,0,0,0.00,0.0,
bellamebel,15,15,0,0,0,0,0.00,0.0,
belletti,1,1,0,0,0,0,0.00,0.0,
bene,142,142,0,0,0,0,0.00,0.0,
benebaby,7,7,0,0,0,0,0.00,0.0,
benq,4,4,0,0,0,0,0.00,0.0,
bentley,2,2,0,0,0,0,0.00,0.0,
berber,5,5,0,0,0,0,0.00,0.0,
berger,1,1,0,0,0,0,0.00,0.0,
berghoff,162,162,0,0,0,0,0.00,0.0,
bergner,86,85,0,0,1,3537,35.37,0.011765,
berkley,4,4,0,0,0,0,0.00,0.0,
berkut,21,21,0,0,0,0,0.00,0.0,
berlingerhaus,8,7,1,0,0,0,0.00,0.0,0.0
bernina,81,81,0,0,0,0,0.00,0.0,
bertoni,102,102,0,0,0,0,0.00,0.0,
besafe,1,1,0,0,0,0,0.00,0.0,
bessey,3,3,0,0,0,0,0.00,0.0,
bestlife,1,1,0,0,0,0,0.00,0.0,
bestoy,62,60,0,0,2,12870,128.70,0.033333,
bestway,244,244,0,0,0,0,0.00,0.0,
besty,17,17,0,0,0,0,0.00,0.0,
bethesda,14,14,0,0,0,0,0.00,0.0,
betsy,32,32,0,0,0,0,0.00,0.0,
beurer,9,9,0,0,0,0,0.00,0.0,
beyerdynamic,16,16,0,0,0,0,0.00,0.0,
beyonce,3,3,0,0,0,0,0.00,0.0,
beyond,33,32,0,0,1,1261,12.61,0.03125,
bfgoodrich,157,155,1,0,1,5663,56.63,0.006452,1.0
biema,2,2,0,0,0,0,0.00,0.0,
bigben,4,4,0,0,0,0,0.00,0.0,
billi,2,2,0,0,0,0,0.00,0.0,
binatone,1,1,0,0,0,0,0.00,0.0,
bioderma,53,52,0,0,1,1570,15.70,0.019231,
biolane,6,6,0,0,0,0,0.00,0.0,
biomecanics,22,22,0,0,0,0,0.00,0.0,
biostar,2,2,0,0,0,0,0.00,0.0,
biotech,18,18,0,0,0,0,0.00,0.0,
biovea,1,1,0,0,0,0,0.00,0.0,
bisou,4,4,0,0,0,0,0.00,0.0,
bissell,8,7,1,0,0,0,0.00,0.0,0.0
biwec,4,4,0,0,0,0,0.00,0.0,
bkf,2,2,0,0,0,0,0.00,0.0,
blackberry,40,40,0,0,0,0,0.00,0.0,
blackmores,2,2,0,0,0,0,0.00,0.0,
blackvue,21,20,0,0,1,53071,530.71,0.05,
blam,5,5,0,0,0,0,0.00,0.0,
blanco,8,8,0,0,0,0,0.00,0.0,
blaster,1,1,0,0,0,0,0.00,0.0,
blaupunkt,62,58,3,0,1,38094,380.94,0.017241,0.333333
blenderbottle,2,2,0,0,0,0,0.00,0.0,
blg,1,1,0,0,0,0,0.00,0.0,
bloomsbury,1,1,0,0,0,0,0.00,0.0,
bluedio,2,2,0,0,0,0,0.00,0.0,
blueseven,8,8,0,0,0,0,0.00,0.0,
bluesonic,4,4,0,0,0,0,0.00,0.0,
blumarine,1,1,0,0,0,0,0.00,0.0,
boccia,127,126,0,0,1,14930,149.30,0.007937,
bochetti,7,7,0,0,0,0,0.00,0.0,
body-solid,2,2,0,0,0,0,0.00,0.0,
bodysculpture,2,2,0,0,0,0,0.00,0.0,
bogates,1,1,0,0,0,0,0.00,0.0,
bohemia,47,47,0,0,0,0,0.00,0.0,
bohemian,2,2,0,0,0,0,0.00,0.0,
bombbar,2,2,0,0,0,0,0.00,0.0,
bombcat,3,3,0,0,0,0,0.00,0.0,
bomberg,3,3,0,0,0,0,0.00,0.0,
bompani,1,1,0,0,0,0,0.00,0.0,
bona,5,5,0,0,0,0,0.00,0.0,
bond,2,2,0,0,0,0,0.00,0.0,
boneco,21,21,0,0,0,0,0.00,0.0,
bonita,4,4,0,0,0,0,0.00,0.0,
bonvini,2,2,0,0,0,0,0.00,0.0,
borasco,1,1,0,0,0,0,0.00,0.0,
bork,51,51,0,0,0,0,0.00,0.0,
bosch,5571,5433,75,0,63,1272164,12721.64,0.011596,0.84
bose,41,41,0,0,0,0,0.00,0.0,
bosher,52,52,0,0,0,0,0.00,0.0,
bosnic,1,1,0,0,0,0,0.00,0.0,
boss,1,1,0,0,0,0,0.00,0.0,
bot,5,5,0,0,0,0,0.00,0.0,
botas,7,7,0,0,0,0,0.00,0.0,
boto,1,1,0,0,0,0,0.00,0.0,
boucheron,1,1,0,0,0,0,0.00,0.0,
bourjois,37,37,0,0,0,0,0.00,0.0,
bovidix,32,32,0,0,0,0,0.00,0.0,
boyscout,69,68,0,0,1,910,9.10,0.014706,
bq,552,542,6,0,4,26373,263.73,0.00738,0.666667
bra,2,2,0,0,0,0,0.00,0.0,
bradex,17,17,0,0,0,0,0.00,0.0,
brahner,7,6,0,0,1,8494,84.94,0.166667,
brateck,31,30,1,0,0,0,0.00,0.0,0.0
braumauto,1,1,0,0,0,0,0.00,0.0,
braun,965,929,20,0,16,150313,1503.13,0.017223,0.8
bravat,8,8,0,0,0,0,0.00,0.0,
bravis,7,7,0,0,0,0,0.00,0.0,
bravo,70,70,0,0,0,0,0.00,0.0,
breezeboat,5,5,0,0,0,0,0.00,0.0,
bresser,15,15,0,0,0,0,0.00,0.0,
brevi,7,7,0,0,0,0,0.00,0.0,
bridgestone,415,403,8,0,4,50529,505.29,0.009926,0.5
brita,1,1,0,0,0,0,0.00,0.0,
brizoll,5,5,0,0,0,0,0.00,0.0,
bro,4,4,0,0,0,0,0.00,0.0,
broomer,55,55,0,0,0,0,0.00,0.0,
brother,139,135,3,0,1,58785,587.85,0.007407,0.333333
bruder,75,75,0,0,0,0,0.00,0.0,
brumer,4,4,0,0,0,0,0.00,0.0,
brw,1679,1675,0,0,4,171690,1716.90,0.002388,
bsn,29,28,0,0,1,10103,101.03,0.035714,
bts,1168,1158,0,0,10,280501,2805.01,0.008636,
buderus,18,18,0,0,0,0,0.00,0.0,
buffalo,2,2,0,0,0,0,0.00,0.0,
bugaboo,5,5,0,0,0,0,0.00,0.0,
bugati,19,19,0,0,0,0,0.00,0.0,
bugatti,9,9,0,0,0,0,0.00,0.0,
buggy,15,15,0,0,0,0,0.00,0.0,
bulgari,52,51,0,0,1,8648,86.48,0.019608,
bulova,1,1,0,0,0,0,0.00,0.0,
bumbleride,29,29,0,0,0,0,0.00,0.0,
burberry,20,19,0,0,1,7154,71.54,0.052632,
burgerschuhe,191,190,0,0,1,10245,102.45,0.005263,
burton,10,10,0,0,0,0,0.00,0.0,
bushnell,17,17,0,0,0,0,0.00,0.0,
bws,2,2,0,0,0,0,0.00,0.0,
bwt,1,1,0,0,0,0,0.00,0.0,
byintek,25,23,0,0,2,33554,335.54,0.086957,
byredo,9,9,0,0,0,0,0.00,0.0,
cablexpert,37,37,0,0,0,0,0.00,0.0,
cacharel,11,11,0,0,0,0,0.00,0.0,
cafemimi,7,6,0,0,1,283,2.83,0.166667,
caiman,2,2,0,0,0,0,0.00,0.0,
calgaro,5,5,0,0,0,0,0.00,0.0,
callida,1,1,0,0,0,0,0.00,0.0,
calligrata,3,3,0,0,0,0,0.00,0.0,
calorie,12,12,0,0,0,0,0.00,0.0,
calve,14,14,0,0,0,0,0.00,0.0,
calypso,3,3,0,0,0,0,0.00,0.0,
cam,9,9,0,0,0,0,0.00,0.0,
cameo,8,8,0,0,0,0,0.00,0.0,
cameron,4,4,0,0,0,0,0.00,0.0,
campinggaz,2,2,0,0,0,0,0.00,0.0,
camptown,2,2,0,0,0,0,0.00,0.0,
candide,3,3,0,0,0,0,0.00,0.0,
candy,299,289,5,0,5,143097,1430.97,0.017301,1.0
cannondale,15,15,0,0,0,0,0.00,0.0,
canon,745,713,14,0,18,969694,9696.94,0.025245,1.285714
cantra,557,555,0,0,2,9008,90.08,0.003604,
canyon,291,281,4,0,6,30564,305.64,0.021352,1.5
capcom,10,9,0,0,1,5663,56.63,0.111111,
capella,1,1,0,0,0,0,0.00,0.0,
caprice,79,78,0,0,1,8881,88.81,0.012821,
caramelia,158,156,1,0,1,3086,30.86,0.00641,1.0
caraya,1,1,0,0,0,0,0.00,0.0,
carfashion,411,405,0,0,6,39296,392.96,0.014815,
carlsbad,100,100,0,0,0,0,0.00,0.0,
carlsbro,2,2,0,0,0,0,0.00,0.0,
carpet,1,1,0,0,0,0,0.00,0.0,
carpisa,2,2,0,0,0,0,0.00,0.0,
carters,87,86,0,0,1,2229,22.29,0.011628,
cartier,24,24,0,0,0,0,0.00,0.0,
carver,53,53,0,0,0,0,0.00,0.0,
carwel,10,10,0,0,0,0,0.00,0.0,
casela,1,1,0,0,0,0,0.00,0.0,
casio,2644,2616,1,0,27,161911,1619.11,0.010321,27.0
casper,73,73,0,0,0,0,0.00,0.0,
casta,1,1,0,0,0,0,0.00,0.0,
castorland,4,4,0,0,0,0,0.00,0.0,
castrol,51,51,0,0,0,0,0.00,0.0,
cata,2,2,0,0,0,0,0.00,0.0,
catunltd,17,17,0,0,0,0,0.00,0.0,
cavaletto,42,42,0,0,0,0,0.00,0.0,
cavanova,1,1,0,0,0,0,0.00,0.0,
cayee,3,3,0,0,0,0,0.00,0.0,
cayin,3,3,0,0,0,0,0.00,0.0,
ccm,12,11,0,0,1,16731,167.31,0.090909,
celestron,22,22,0,0,0,0,0.00,0.0,
celine,4,4,0,0,0,0,0.00,0.0,
cellio,17,17,0,0,0,0,0.00,0.0,
cellucor,2,2,0,0,0,0,0.00,0.0,
cenmax,85,83,1,0,1,6997,69.97,0.012048,1.0
centara,6,6,0,0,0,0,0.00,0.0,
centurion,78,76,0,0,2,18758,187.58,0.026316,
cersanit,51,51,0,0,0,0,0.00,0.0,
certina,50,50,0,0,0,0,0.00,0.0,
cettua,3,3,0,0,0,0,0.00,0.0,
cezaris,16,16,0,0,0,0,0.00,0.0,
chairman,5,5,0,0,0,0,0.00,0.0,
chameleon,33,33,0,0,0,0,0.00,0.0,
champion,1,1,0,0,0,0,0.00,0.0,
chanel,192,188,0,0,4,77215,772.15,0.021277,
changerobot,3,3,0,0,0,0,0.00,0.0,
changhong,145,139,3,0,3,60155,601.55,0.021583,1.0
char-broil,3,3,0,0,0,0,0.00,0.0,
chariots,1,1,0,0,0,0,0.00,0.0,
chayka,192,180,9,0,3,27685,276.85,0.016667,0.333333
chic,1,1,0,0,0,0,0.00,0.0,
chicco,414,409,4,0,1,30886,308.86,0.002445,0.25
chigo,5,5,0,0,0,0,0.00,0.0,
childhome,5,5,0,0,0,0,0.00,0.0,
chilok,2,2,0,0,0,0,0.00,0.0,
ching-ching,5,5,0,0,0,0,0.00,0.0,
chloe,26,26,0,0,0,0,0.00,0.0,
chopard,1,1,0,0,0,0,0.00,0.0,
christina,12,12,0,0,0,0,0.00,0.0,
chub,1,1,0,0,0,0,0.00,0.0,
cifyurm,1,1,0,0,0,0,0.00,0.0,
cinemood,1,1,0,0,0,0,0.00,0.0,
circle,1,1,0,0,0,0,0.00,0.0,
citilux,2,2,0,0,0,0,0.00,0.0,
citizen,31,31,0,0,0,0,0.00,0.0,
cityrover,3,3,0,0,0,0,0.00,0.0,
cityup,9,9,0,0,0,0,0.00,0.0,
clarion,22,22,0,0,0,0,0.00,0.0,
classen,5,5,0,0,0,0,0.00,0.0,
clatronic,93,93,0,0,0,0,0.00,0.0,
clever,2,2,0,0,0,0,0.00,0.0,
cliff,1,1,0,0,0,0,0.00,0.0,
climadiff,2,2,0,0,0,0,0.00,0.0,
cmi,4,4,0,0,0,0,0.00,0.0,
cmt,2,2,0,0,0,0,0.00,0.0,
cnd,27,26,0,0,1,18788,187.88,0.038462,
coballe,70,69,0,0,1,7178,71.78,0.014493,
cobi,6,6,0,0,0,0,0.00,0.0,
cobra,4,4,0,0,0,0,0.00,0.0,
coccinelle,13,13,0,0,0,0,0.00,0.0,
cocochoco,1,1,0,0,0,0,0.00,0.0,
codemasters,1,1,0,0,0,0,0.00,0.0,
coleman,28,28,0,0,0,0,0.00,0.0,
colgate,5,5,0,0,0,0,0.00,0.0,
collistar,29,29,0,0,0,0,0.00,0.0,
colombo,10,9,0,0,1,4247,42.47,0.111111,
colorfix,1,1,0,0,0,0,0.00,0.0,
colorful,2,2,0,0,0,0,0.00,0.0,
colourpop,2,2,0,0,0,0,0.00,0.0,
comfee,16,14,2,0,0,0,0.00,0.0,0.0
comforser,162,160,0,0,2,12149,121.49,0.0125,
comfort,8,8,0,0,0,0,0.00,0.0,
comma,11,11,0,0,0,0,0.00,0.0,
compasal,13,12,0,0,1,3835,38.35,0.083333,
compliment,4,4,0,0,0,0,0.00,0.0,
concept,2,2,0,0,0,0,0.00,0.0,
conceptclub,44,44,0,0,0,0,0.00,0.0,
condtrol,6,6,0,0,0,0,0.00,0.0,
confetti,83,83,0,0,0,0,0.00,0.0,
constancy,2,2,0,0,0,0,0.00,0.0,
constantdelight,1,1,0,0,0,0,0.00,0.0,
continent,85,82,2,0,1,1799,17.99,0.012195,0.5
continental,295,285,3,0,7,110119,1101.19,0.024561,2.333333
converse,8,8,0,0,0,0,0.00,0.0,
coolfort,75,75,0,0,0,0,0.00,0.0,
coopervision,8,8,0,0,0,0,0.00,0.0,
cordiant,3645,3484,50,0,111,490323,4903.23,0.03186,2.22
corsair,7,7,0,0,0,0,0.00,0.0,
cort,59,58,0,0,1,30631,306.31,0.017241,
cortland,149,135,9,0,5,51193,511.93,0.037037,0.555556
coty,19,18,0,0,1,1467,14.67,0.055556,
cougar,27,27,0,0,0,0,0.00,0.0,
covani,28,28,0,0,0,0,0.00,0.0,
cover,121,121,0,0,0,0,0.00,0.0,
cowon,2,2,0,0,0,0,0.00,0.0,
crane,11,11,0,0,0,0,0.00,0.0,
creative,1,1,0,0,0,0,0.00,0.0,
creed,136,131,1,0,4,88110,881.10,0.030534,4.0
crescina,2,2,0,0,0,0,0.00,0.0,
crisa,1,1,0,0,0,0,0.00,0.0,
crockid,120,120,0,0,0,0,0.00,0.0,
crona,10,10,0,0,0,0,0.00,0.0,
crosby,68,68,0,0,0,0,0.00,0.0,
crown,740,732,1,0,7,52691,526.91,0.009563,7.0
crucial,41,40,0,0,1,4608,46.08,0.025,
crunch,4,4,0,0,0,0,0.00,0.0,
csmedica,1,1,0,0,0,0,0.00,0.0,
cube,33,33,0,0,0,0,0.00,0.0,
cubicfun,3,3,0,0,0,0,0.00,0.0,
cullmann,1,1,0,0,0,0,0.00,0.0,
cybermass,2,2,0,0,0,0,0.00,0.0,
cyberpower,3,3,0,0,0,0,0.00,0.0,
cybex,89,88,1,0,0,0,0.00,0.0,0.0
d-clinic,2,2,0,0,0,0,0.00,0.0,
d-link,60,59,0,0,1,641,6.41,0.016949,
daesung,1,1,0,0,0,0,0.00,0.0,
daewoo,36,36,0,0,0,0,0.00,0.0,
dahon,9,8,1,0,0,0,0.00,0.0,0.0
daisy,13,12,0,0,1,16413,164.13,0.083333,
daiwa,21,21,0,0,0,0,0.00,0.0,
dalianhantaitradecoltd,1,1,0,0,0,0,0.00,0.0,
dam,46,46,0,0,0,0,0.00,0.0,
damixa,1,1,0,0,0,0,0.00,0.0,
danau,4,4,0,0,0,0,0.00,0.0,
danielklein,13,13,0,0,0,0,0.00,0.0,
danke,23,23,0,0,0,0,0.00,0.0,
dardav,2,2,0,0,0,0,0.00,0.0,
darina,116,114,1,0,1,10294,102.94,0.008772,1.0
dariush,2,2,0,0,0,0,0.00,0.0,
dauscher,2876,2821,24,0,31,476333,4763.33,0.010989,1.291667
davidoff,3,3,0,0,0,0,0.00,0.0,
davita,2,2,0,0,0,0,0.00,0.0,
dayun,25,25,0,0,0,0,0.00,0.0,
dbpower,4,4,0,0,0,0,0.00,0.0,
dds,10,10,0,0,0,0,0.00,0.0,
decocode,2,2,0,0,0,0,0.00,0.0,
decoroom,96,93,0,0,3,5903,59.03,0.032258,
deepcool,151,148,1,0,2,9163,91.63,0.013514,2.0
deeper,31,31,0,0,0,0,0.00,0.0,
deerma,9,9,0,0,0,0,0.00,0.0,
deestone,2,2,0,0,0,0,0.00,0.0,
defender,404,394,2,0,8,8369,83.69,0.020305,4.0
dekok,6,6,0,0,0,0,0.00,0.0,
dell,328,325,0,0,3,304875,3048.75,0.009231,
delma,1,1,0,0,0,0,0.00,0.0,
delmax,47,46,1,0,0,0,0.00,0.0,0.0
delonghi,404,392,6,0,6,146705,1467.05,0.015306,1.0
delsey,38,38,0,0,0,0,0.00,0.0,
delta,4,4,0,0,0,0,0.00,0.0,
delux,115,111,2,0,2,1381,13.81,0.018018,1.0
deluxe,107,107,0,0,0,0,0.00,0.0,
demark,1,1,0,0,0,0,0.00,0.0,
demiray,12,12,0,0,0,0,0.00,0.0,
dendy,2,2,0,0,0,0,0.00,0.0,
denn,51,51,0,0,0,0,0.00,0.0,
denzel,188,188,0,0,0,0,0.00,0.0,
deppa,2,2,0,0,0,0,0.00,0.0,
dermacol,77,75,0,0,2,1854,18.54,0.026667,
derspur,1,1,0,0,0,0,0.00,0.0,
desigual,2,2,0,0,0,0,0.00,0.0,
destra,14,14,0,0,0,0,0.00,0.0,
deta,26,26,0,0,0,0,0.00,0.0,
detomaso,2,2,0,0,0,0,0.00,0.0,
devos,11,11,0,0,0,0,0.00,0.0,
dewalt,560,554,3,0,3,38282,382.82,0.005415,1.0
dfc,13,12,0,0,1,9884,98.84,0.083333,
diamant,83,81,0,0,2,29421,294.21,0.024691,
diamond,5,5,0,0,0,0,0.00,0.0,
diamondunion,6,6,0,0,0,0,0.00,0.0,
dickie,2,2,0,0,0,0,0.00,0.0,
didistyle,3,3,0,0,0,0,0.00,0.0,
diesel,46,45,0,0,1,31610,316.10,0.022222,
dinastia,2,2,0,0,0,0,0.00,0.0,
dion,107,106,0,0,1,2960,29.60,0.009434,
dior,159,156,0,0,3,39898,398.98,0.019231,
dirkje,30,30,0,0,0,0,0.00,0.0,
disney,70,70,0,0,0,0,0.00,0.0,
ditreex,3,3,0,0,0,0,0.00,0.0,
divalux,8,8,0,0,0,0,0.00,0.0,
dji,222,221,0,0,1,77196,771.96,0.004525,
dk,20,20,0,0,0,0,0.00,0.0,
dkny,35,35,0,0,0,0,0.00,0.0,
dla,1,1,0,0,0,0,0.00,0.0,
dls,18,18,0,0,0,0,0.00,0.0,
dobrusskijfarforovyjzavod,5,5,0,0,0,0,0.00,0.0,
doliva,6,6,0,0,0,0,0.00,0.0,
domani-spa,22,22,0,0,0,0,0.00,0.0,
domasnijocag,1,1,0,0,0,0,0.00,0.0,
domcraft,8,8,0,0,0,0,0.00,0.0,
domenik,2,2,0,0,0,0,0.00,0.0,
dometic,84,84,0,0,0,0,0.00,0.0,
domika,1,1,0,0,0,0,0.00,0.0,
domini,146,145,0,0,1,3604,36.04,0.006897,
domyos,24,22,2,0,0,0,0.00,0.0,0.0
dongma,6,6,0,0,0,0,0.00,0.0,
doogee,190,188,0,0,2,22111,221.11,0.010638,
doohan,34,34,0,0,0,0,0.00,0.0,
dopdrops,1,1,0,0,0,0,0.00,0.0,
doupro,1,1,0,0,0,0,0.00,0.0,
dowontec,1,1,0,0,0,0,0.00,0.0,
dox,16,16,0,0,0,0,0.00,0.0,
dreamwave,2,2,0,0,0,0,0.00,0.0,
dremel,14,14,0,0,0,0,0.00,0.0,
drjart,5,5,0,0,0,0,0.00,0.0,
dsland,15,14,0,0,1,56630,566.30,0.071429,
dsp,3,3,0,0,0,0,0.00,0.0,
dsppa,4,4,0,0,0,0,0.00,0.0,
dsquared,2,2,0,0,0,0,0.00,0.0,
dub,8,8,0,0,0,0,0.00,0.0,
ducray,6,6,0,0,0,0,0.00,0.0,
dulevskijfarfor,1,1,0,0,0,0,0.00,0.0,
dune,2,2,0,0,0,0,0.00,0.0,
dunhill,10,10,0,0,0,0,0.00,0.0,
dunlop,143,141,0,0,2,10412,104.12,0.014184,
dunu,2,2,0,0,0,0,0.00,0.0,
dunya,3,3,0,0,0,0,0.00,0.0,
duo,7,7,0,0,0,0,0.00,0.0,
dwt,167,164,3,0,0,0,0.00,0.0,0.0
dxracer,133,130,3,0,0,0,0.00,0.0,0.0
dyflon,1,1,0,0,0,0,0.00,0.0,
dymatize,17,16,0,0,1,6834,68.34,0.0625,
dynacord,1,1,0,0,0,0,0.00,0.0,
dynafit,3,3,0,0,0,0,0.00,0.0,
dynamic,8,8,0,0,0,0,0.00,0.0,
dyson,192,187,5,0,0,0,0.00,0.0,0.0
e-blue,11,11,0,0,0,0,0.00,0.0,
e-twow,10,10,0,0,0,0,0.00,0.0,
ea,142,122,15,0,5,35788,357.88,0.040984,0.333333
easywalker,16,16,0,0,0,0,0.00,0.0,
eco,16,16,0,0,0,0,0.00,0.0,
ecocool,47,45,2,0,0,0,0.00,0.0,0.0
ecolab,19,19,0,0,0,0,0.00,0.0,
ecolight,3,3,0,0,0,0,0.00,0.0,
ecoterm,3,3,0,0,0,0,0.00,0.0,
ecotex,34,34,0,0,0,0,0.00,0.0,
edcon,1,1,0,0,0,0,0.00,0.0,
edge,152,150,0,0,2,33462,334.62,0.013333,
edifier,28,28,0,0,0,0,0.00,0.0,
edon,50,50,0,0,0,0,0.00,0.0,
edox,32,32,0,0,0,0,0.00,0.0,
educa,1,1,0,0,0,0,0.00,0.0,
educo,1,1,0,0,0,0,0.00,0.0,
edufun,77,75,2,0,0,0,0.00,0.0,0.0
efremov,174,172,0,0,2,48881,488.81,0.011628,
eger,1,1,0,0,0,0,0.00,0.0,
egg,2,2,0,0,0,0,0.00,0.0,
egger,2,2,0,0,0,0,0.00,0.0,
egreat,2,2,0,0,0,0,0.00,0.0,
einhell,35,35,0,0,0,0,0.00,0.0,
elan,10,10,0,0,0,0,0.00,0.0,
elari,618,595,15,0,8,57232,572.32,0.013445,0.533333
elaud,8,8,0,0,0,0,0.00,0.0,
elco,15,15,0,0,0,0,0.00,0.0,
electro-voice,19,19,0,0,0,0,0.00,0.0,
electrolux,693,678,8,0,7,67885,678.85,0.010324,0.875
electronicarts,1,1,0,0,0,0,0.00,0.0,
electronicsdeluxe,8,8,0,0,0,0,0.00,0.0,
elegant,12,12,0,0,0,0,0.00,0.0,
elektrostandard,2,2,0,0,0,0,0.00,0.0,
element,49,48,0,0,1,11197,111.97,0.020833,
elenberg,2446,2327,69,0,50,221056,2210.56,0.021487,0.724638
elf,14,14,0,0,0,0,0.00,0.0,
elica,7,7,0,0,0,0,0.00,0.0,
elikor,51,50,0,0,1,17548,175.48,0.02,
elite,3,3,0,0,0,0,0.00,0.0,
elitech,2,2,0,0,0,0,0.00,0.0,
elizavecca,32,31,0,0,1,1472,14.72,0.032258,
elna,15,15,0,0,0,0,0.00,0.0,
eltex,1,1,0,0,0,0,0.00,0.0,
eltreco,30,30,0,0,0,0,0.00,0.0,
elysium,141,140,0,0,1,2391,23.91,0.007143,
embawood,13,13,0,0,0,0,0.00,0.0,
embryolisse,22,22,0,0,0,0,0.00,0.0,
emer,2,2,0,0,0,0,0.00,0.0,
emsa,46,46,0,0,0,0,0.00,0.0,
energenie,3,3,0,0,0,0,0.00,0.0,
energizer,14,14,0,0,0,0,0.00,0.0,
enermax,7,7,0,0,0,0,0.00,0.0,
engenius,5,5,0,0,0,0,0.00,0.0,
enough,6,5,0,0,1,515,5.15,0.2,
envision,7,7,0,0,0,0,0.00,0.0,
enya,1,1,0,0,0,0,0.00,0.0,
epiphone,1,1,0,0,0,0,0.00,0.0,
epr,96,95,0,0,1,39898,398.98,0.010526,
epson,635,598,23,0,14,268673,2686.73,0.023411,0.608696
erbis,1,1,0,0,0,0,0.00,0.0,
erdenet,15,15,0,0,0,0,0.00,0.0,
ergo,56,54,2,0,0,0,0.00,0.0,0.0
ergolux,1,1,0,0,0,0,0.00,0.0,
erismann,1,1,0,0,0,0,0.00,0.0,
erisson,16,16,0,0,0,0,0.00,0.0,
erkaplan,63,62,0,0,1,26256,262.56,0.016129,
erlit,190,186,0,0,4,108530,1085.30,0.021505,
ermila,1,1,0,0,0,0,0.00,0.0,
ersport,34,34,0,0,0,0,0.00,0.0,
escada,5,5,0,0,0,0,0.00,0.0,
escan,130,130,0,0,0,0,0.00,0.0,
espiro,1,1,0,0,0,0,0.00,0.0,
esse,3,3,0,0,0,0,0.00,0.0,
essence,1,1,0,0,0,0,0.00,0.0,
estap,2,2,0,0,0,0,0.00,0.0,
estel,2,2,0,0,0,0,0.00,0.0,
estomoda,2,2,0,0,0,0,0.00,0.0,
esun,1,1,0,0,0,0,0.00,0.0,
etalon,11,11,0,0,0,0,0.00,0.0,
etor,231,229,0,0,2,22652,226.52,0.008734,
etro,1,1,0,0,0,0,0.00,0.0,
eurogold,5,3,1,0,1,770,7.70,0.333333,1.0
eurolight,2,2,0,0,0,0,0.00,0.0,
eurolux,198,187,5,0,6,52158,521.58,0.032086,1.2
europrint,6,6,0,0,0,0,0.00,0.0,
eurosvet,3,3,0,0,0,0,0.00,0.0,
evga,3,3,0,0,0,0,0.00,0.0,
evgo,2,2,0,0,0,0,0.00,0.0,
eviza,19,18,0,0,1,13746,137.46,0.055556,
evrodetal,3,3,0,0,0,0,0.00,0.0,
exide,28,27,0,0,1,11232,112.32,0.037037,
expression,1,1,0,0,0,0,0.00,0.0,
expromt,5,5,0,0,0,0,0.00,0.0,
ezetil,54,54,0,0,0,0,0.00,0.0,
faans,1,1,0,0,0,0,0.00,0.0,
faber,5,5,0,0,0,0,0.00,0.0,
fabretti,69,69,0,0,0,0,0.00,0.0,
fancy,14,14,0,0,0,0,0.00,0.0,
fanline,16,16,0,0,0,0,0.00,0.0,
fant-mebel,2,2,0,0,0,0,0.00,0.0,
fantasia,5,5,0,0,0,0,0.00,0.0,
farcar,7,7,0,0,0,0,0.00,0.0,
farmavita,14,14,0,0,0,0,0.00,0.0,
farmstay,2,2,0,0,0,0,0.00,0.0,
farroad,74,74,0,0,0,0,0.00,0.0,
fassen,319,314,0,0,5,21622,216.22,0.015924,
favourite,1,1,0,0,0,0,0.00,0.0,
febest,113,111,0,0,2,5016,50.16,0.018018,
felisatti,3,3,0,0,0,0,0.00,0.0,
fender,132,130,0,0,2,53463,534.63,0.015385,
fendi,3,3,0,0,0,0,0.00,0.0,
fengnix,4,4,0,0,0,0,0.00,0.0,
fenix,37,37,0,0,0,0,0.00,0.0,
feron,5,5,0,0,0,0,0.00,0.0,
ferrari,6,6,0,0,0,0,0.00,0.0,
ferrino,31,31,0,0,0,0,0.00,0.0,
festool,20,20,0,0,0,0,0.00,0.0,
fibos,1,1,0,0,0,0,0.00,0.0,
fiesta,21,21,0,0,0,0,0.00,0.0,
fiio,6,6,0,0,0,0,0.00,0.0,
fila,136,136,0,0,0,0,0.00,0.0,
finezza,3,3,0,0,0,0,0.00,0.0,
finish,18,18,0,0,0,0,0.00,0.0,
firepower,4,4,0,0,0,0,0.00,0.0,
firestone,17,17,0,0,0,0,0.00,0.0,
firman,17,17,0,0,0,0,0.00,0.0,
first,37,36,0,0,1,1570,15.70,0.027778,
fischer,9,9,0,0,0,0,0.00,0.0,
fisher,32,32,0,0,0,0,0.00,0.0,
fisher-price,32,31,1,0,0,0,0.00,0.0,0.0
fisherman,18,18,0,0,0,0,0.00,0.0,
fissler,7,7,0,0,0,0,0.00,0.0,
fissman,24,24,0,0,0,0,0.00,0.0,
fit,2,2,0,0,0,0,0.00,0.0,
fit-rx,4,4,0,0,0,0,0.00,0.0,
fitbit,23,23,0,0,0,0,0.00,0.0,
fitchbaby,8,8,0,0,0,0,0.00,0.0,
fitlux,27,27,0,0,0,0,0.00,0.0,
fitrider,3,3,0,0,0,0,0.00,0.0,
fitwell,2,2,0,0,0,0,0.00,0.0,
fivestars,3,3,0,0,0,0,0.00,0.0,
fixsen,1,1,0,0,0,0,0.00,0.0,
flama,194,188,4,0,2,29034,290.34,0.010638,0.5
flambeau,14,14,0,0,0,0,0.00,0.0,
flashpoint,4,4,0,0,0,0,0.00,0.0,
flavia,14,14,0,0,0,0,0.00,0.0,
flexter,3,3,0,0,0,0,0.00,0.0,
fli,24,24,0,0,0,0,0.00,0.0,
flight,63,62,0,0,1,5097,50.97,0.016129,
florentina,4,4,0,0,0,0,0.00,0.0,
floresan,2,2,0,0,0,0,0.00,0.0,
flormar,5,5,0,0,0,0,0.00,0.0,
fly,225,221,2,0,2,136243,1362.43,0.00905,1.0
focal,38,38,0,0,0,0,0.00,0.0,
focushomeinteractive,1,1,0,0,0,0,0.00,0.0,
fondital,3,3,0,0,0,0,0.00,0.0,
force,1690,1656,3,0,31,424643,4246.43,0.01872,10.333333
forcekraft,30,30,0,0,0,0,0.00,0.0,
ford,1,1,0,0,0,0,0.00,0.0,
forlux,3,3,0,0,0,0,0.00,0.0,
fornelli,8,8,0,0,0,0,0.00,0.0,
fornite,1,1,0,0,0,0,0.00,0.0,
forsage,3,3,0,0,0,0,0.00,0.0,
forward,43,43,0,0,0,0,0.00,0.0,
forza,15,15,0,0,0,0,0.00,0.0,
fossil,87,86,0,0,1,18018,180.18,0.011628,
fostex,2,2,0,0,0,0,0.00,0.0,
fotomate,2,2,0,0,0,0,0.00,0.0,
fotorama,3,3,0,0,0,0,0.00,0.0,
fox,1,1,0,0,0,0,0.00,0.0,
foxx,3,3,0,0,0,0,0.00,0.0,
framesi,7,7,0,0,0,0,0.00,0.0,
franke,9,9,0,0,0,0,0.00,0.0,
freedom,1,1,0,0,0,0,0.00,0.0,
freefeet,1,1,0,0,0,0,0.00,0.0,
freeway,9,9,0,0,0,0,0.00,0.0,
fresh,1,1,0,0,0,0,0.00,0.0,
freya,1,1,0,0,0,0,0.00,0.0,
frozen,5,5,0,0,0,0,0.00,0.0,
fsd,3,3,0,0,0,0,0.00,0.0,
fubag,95,95,0,0,0,0,0.00,0.0,
fuel,2,2,0,0,0,0,0.00,0.0,
fujida,33,33,0,0,0,0,0.00,0.0,
fujifilm,71,70,0,0,1,11066,110.66,0.014286,
funville,2,2,0,0,0,0,0.00,0.0,
futura,4,3,0,0,1,4595,45.95,0.333333,
g-cube,2,2,0,0,0,0,0.00,0.0,
ga-de,30,30,0,0,0,0,0.00,0.0,
gabriella,1,1,0,0,0,0,0.00,0.0,
gaga,4,4,0,0,0,0,0.00,0.0,
gaint,3,3,0,0,0,0,0.00,0.0,
gainward,9,9,0,0,0,0,0.00,0.0,
galacticos,5,5,0,0,0,0,0.00,0.0,
galanz,34,32,0,0,2,13894,138.94,0.0625,
galaxy,606,597,2,0,7,13319,133.19,0.011725,3.5
gamdias,7,6,0,0,1,18531,185.31,0.166667,
gamemax,27,26,0,0,1,4852,48.52,0.038462,
gamma,31,31,0,0,0,0,0.00,0.0,
garage,1,1,0,0,0,0,0.00,0.0,
garant,4,4,0,0,0,0,0.00,0.0,
garanterm,19,19,0,0,0,0,0.00,0.0,
gardena,10,10,0,0,0,0,0.00,0.0,
garmin,699,688,4,0,7,370817,3708.17,0.010174,1.75
garnier,16,16,0,0,0,0,0.00,0.0,
garrett,85,84,0,0,1,27285,272.85,0.011905,
garvalin,69,68,0,0,1,6950,69.50,0.014706,
gauss,3,3,0,0,0,0,0.00,0.0,
gazpromneft,55,54,0,0,1,901,9.01,0.018519,
gedore,1,1,0,0,0,0,0.00,0.0,
gefest,614,606,4,0,4,51569,515.69,0.006601,1.0
gehwol,9,9,0,0,0,0,0.00,0.0,
geil,82,82,0,0,0,0,0.00,0.0,
geitaran,3,3,0,0,0,0,0.00,0.0,
gelflex,3,3,0,0,0,0,0.00,0.0,
gembird,15,15,0,0,0,0,0.00,0.0,
gemei,6,6,0,0,0,0,0.00,0.0,
gemsy,1,1,0,0,0,0,0.00,0.0,
genau,99,97,0,0,2,122264,1222.64,0.020619,
genebre,10,10,0,0,0,0,0.00,0.0,
genesis,118,114,0,0,4,19511,195.11,0.035088,
geneticlabnutrition,3,3,0,0,0,0,0.00,0.0,
genius,34,31,1,0,2,3893,38.93,0.064516,2.0
genki,6,6,0,0,0,0,0.00,0.0,
genlog,18,18,0,0,0,0,0.00,0.0,
gerat,380,379,0,0,1,629,6.29,0.002639,
gerber,21,21,0,0,0,0,0.00,0.0,
gerbor,5,5,0,0,0,0,0.00,0.0,
gerdamix,1,1,0,0,0,0,0.00,0.0,
gesso,2,2,0,0,0,0,0.00,0.0,
gewa,10,10,0,0,0,0,0.00,0.0,
gezatone,32,32,0,0,0,0,0.00,0.0,
gf,80,80,0,0,0,0,0.00,0.0,
giant,117,115,0,0,2,141522,1415.22,0.017391,
gigabyte,394,392,0,0,2,52382,523.82,0.005102,
gigawatt,52,49,3,0,0,0,0.00,0.0,0.0
gigazone,2,2,0,0,0,0,0.00,0.0,
gimi,16,16,0,0,0,0,0.00,0.0,
gionee,52,50,0,0,2,14130,141.30,0.04,
giornonotte,6,6,0,0,0,0,0.00,0.0,
gioseppo,1,1,0,0,0,0,0.00,0.0,
gipfel,134,134,0,0,0,0,0.00,0.0,
gislaved,120,113,5,0,2,14672,146.72,0.017699,0.4
givenchy,87,87,0,0,0,0,0.00,0.0,
gkhair,40,39,0,0,1,2368,23.68,0.025641,
gladen,5,5,0,0,0,0,0.00,0.0,
glamglow,22,22,0,0,0,0,0.00,0.0,
glamvers,1,1,0,0,0,0,0.00,0.0,
global,7,7,0,0,0,0,0.00,0.0,
globber,21,21,0,0,0,0,0.00,0.0,
globex,3,3,0,0,0,0,0.00,0.0,
globo,1,1,0,0,0,0,0.00,0.0,
go-sport,1,1,0,0,0,0,0.00,0.0,
goalzero,2,2,0,0,0,0,0.00,0.0,
goform,19,17,0,0,2,11198,111.98,0.117647,
goliath,2,2,0,0,0,0,0.00,0.0,
gonher,1,1,0,0,0,0,0.00,0.0,
goo.n,8,8,0,0,0,0,0.00,0.0,
goodgrill,2,2,0,0,0,0,0.00,0.0,
goodloot,19,19,0,0,0,0,0.00,0.0,
goodram,2,2,0,0,0,0,0.00,0.0,
goodride,143,143,0,0,0,0,0.00,0.0,
goodyear,381,369,4,0,8,187985,1879.85,0.02168,2.0
google,155,155,0,0,0,0,0.00,0.0,
gopro,94,91,2,0,1,46204,462.04,0.010989,0.5
gorenje,563,555,4,0,4,43157,431.57,0.007207,1.0
gosh,45,44,0,0,1,792,7.92,0.022727,
gourmet,1,1,0,0,0,0,0.00,0.0,
gracecole,7,7,0,0,0,0,0.00,0.0,
graco,9,9,0,0,0,0,0.00,0.0,
graff,3,3,0,0,0,0,0.00,0.0,
graffiti,10,10,0,0,0,0,0.00,0.0,
gran-stone,40,40,0,0,0,0,0.00,0.0,
granfest,1,1,0,0,0,0,0.00,0.0,
granhel,200,200,0,0,0,0,0.00,0.0,
granicom,2,2,0,0,0,0,0.00,0.0,
grape,35,35,0,0,0,0,0.00,0.0,
graphite,13,13,0,0,0,0,0.00,0.0,
gree,46,46,0,0,0,0,0.00,0.0,
greenbike,12,12,0,0,0,0,0.00,0.0,
greenland,2,2,0,0,0,0,0.00,0.0,
greenpro,4,4,0,0,0,0,0.00,0.0,
greentek,25,25,0,0,0,0,0.00,0.0,
greentree,4,4,0,0,0,0,0.00,0.0,
greenway,5,5,0,0,0,0,0.00,0.0,
greenworks,1,1,0,0,0,0,0.00,0.0,
greta,67,67,0,0,0,0,0.00,0.0,
gretsch,3,3,0,0,0,0,0.00,0.0,
greyder,303,302,0,0,1,15187,151.87,0.003311,
greys,2,2,0,0,0,0,0.00,0.0,
grillver,44,44,0,0,0,0,0.00,0.0,
grohe,52,52,0,0,0,0,0.00,0.0,
gross,40,40,0,0,0,0,0.00,0.0,
groundzero,1,1,0,0,0,0,0.00,0.0,
grow-with-me,24,24,0,0,0,0,0.00,0.0,
gs,1,1,0,0,0,0,0.00,0.0,
gt,19,19,0,0,0,0,0.00,0.0,
guangwei,9,9,0,0,0,0,0.00,0.0,
gucci,75,73,0,0,2,13378,133.78,0.027397,
guerisson,5,5,0,0,0,0,0.00,0.0,
guerlain,38,38,0,0,0,0,0.00,0.0,
gulliver,61,61,0,0,0,0,0.00,0.0,
guzzini,3,3,0,0,0,0,0.00,0.0,
gys,1,1,0,0,0,0,0.00,0.0,
habilead,105,105,0,0,0,0,0.00,0.0,
haier,1853,1752,70,0,31,945238,9452.38,0.017694,0.442857
hairdorables,3,3,0,0,0,0,0.00,0.0,
haken,1,1,0,0,0,0,0.00,0.0,
halei,1,1,0,0,0,0,0.00,0.0,
halmar,10,10,0,0,0,0,0.00,0.0,
hama,1,1,0,0,0,0,0.00,0.0,
hammer,3,3,0,0,0,0,0.00,0.0,
handwers,21,21,0,0,0,0,0.00,0.0,
hankook,204,199,0,0,5,46642,466.42,0.025126,
hanma,7,7,0,0,0,0,0.00,0.0,
hanowa,17,17,0,0,0,0,0.00,0.0,
hansa,866,842,12,0,12,319547,3195.47,0.014252,1.0
hap-p-kid,4,4,0,0,0,0,0.00,0.0,
harley-davidson,71,71,0,0,0,0,0.00,0.0,
haro,42,42,0,0,0,0,0.00,0.0,
harp,3,3,0,0,0,0,0.00,0.0,
harper,335,331,0,0,4,12811,128.11,0.012085,
hartan,3,3,0,0,0,0,0.00,0.0,
hartung,1,1,0,0,0,0,0.00,0.0,
hasbro,135,134,0,0,1,1198,11.98,0.007463,
hauck,5,5,0,0,0,0,0.00,0.0,
hausmann,40,40,0,0,0,0,0.00,0.0,
havit,9,9,0,0,0,0,0.00,0.0,
hb,43,43,0,0,0,0,0.00,0.0,
head,17,17,0,0,0,0,0.00,0.0,
heidelbergcement,2,2,0,0,0,0,0.00,0.0,
heinola,1,1,0,0,0,0,0.00,0.0,
helfer,17,17,0,0,0,0,0.00,0.0,
helios,10,10,0,0,0,0,0.00,0.0,
hellion,1,1,0,0,0,0,0.00,0.0,
helvetia,38,38,0,0,0,0,0.00,0.0,
helvi,2,2,0,0,0,0,0.00,0.0,
henglei,5,5,0,0,0,0,0.00,0.0,
hercules,1,1,0,0,0,0,0.00,0.0,
herman,1,1,0,0,0,0,0.00,0.0,
hermes,11,11,0,0,0,0,0.00,0.0,
hertz,195,193,0,0,2,29883,298.83,0.010363,
heyner,17,17,0,0,0,0,0.00,0.0,
hifly,138,136,0,0,2,16372,163.72,0.014706,
higashi,2,2,0,0,0,0,0.00,0.0,
hilo,14,14,0,0,0,0,0.00,0.0,
hilti,4,4,0,0,0,0,0.00,0.0,
hintek,3,3,0,0,0,0,0.00,0.0,
hiper,41,41,0,0,0,0,0.00,0.0,
hisense,74,72,1,0,1,45278,452.78,0.013889,1.0
hitachi,68,68,0,0,0,0,0.00,0.0,
hitechnic,4,4,0,0,0,0,0.00,0.0,
hobbyworld,1,1,0,0,0,0,0.00,0.0,
hobot,10,10,0,0,0,0,0.00,0.0,
hoco,144,141,2,0,1,2314,23.14,0.007092,0.5
hola,2,2,0,0,0,0,0.00,0.0,
holder,9,9,0,0,0,0,0.00,0.0,
holiday,22,22,0,0,0,0,0.00,0.0,
homage,6,6,0,0,0,0,0.00,0.0,
homeart,18,18,0,0,0,0,0.00,0.0,
homeelement,1,1,0,0,0,0,0.00,0.0,
homelife,1,1,0,0,0,0,0.00,0.0,
homy,8,8,0,0,0,0,0.00,0.0,
honda,12,12,0,0,0,0,0.00,0.0,
honor,901,889,8,0,4,76828,768.28,0.004499,0.5
hoover,45,42,1,0,2,18936,189.36,0.047619,2.0
hori,4,4,0,0,0,0,0.00,0.0,
horizont,211,208,2,0,1,29599,295.99,0.004808,0.5
hotner,2,2,0,0,0,0,0.00,0.0,
hotpoint-ariston,116,116,0,0,0,0,0.00,0.0,
hottek,8,8,0,0,0,0,0.00,0.0,
housefit,209,208,0,0,1,38353,383.53,0.004808,
hp,3001,2940,31,0,30,1215538,12155.38,0.010204,0.967742
hpe,3,3,0,0,0,0,0.00,0.0,
hq,3,3,0,0,0,0,0.00,0.0,
htc,63,61,2,0,0,0,0.00,0.0,0.0
huanger,17,17,0,0,0,0,0.00,0.0,
huawang,1,1,0,0,0,0,0.00,0.0,
huawei,10917,10296,411,0,210,4301879,43018.79,0.020396,0.510949
hubert,224,213,6,0,5,266309,2663.09,0.023474,0.833333
huggies,98,94,0,0,4,4521,45.21,0.042553,
huile,5,5,0,0,0,0,0.00,0.0,
huion,67,66,1,0,0,0,0.00,0.0,0.0
humana,7,7,0,0,0,0,0.00,0.0,
humminbird,7,7,0,0,0,0,0.00,0.0,
hunter,1,1,0,0,0,0,0.00,0.0,
huntkey,40,38,1,0,1,3758,37.58,0.026316,1.0
huntsman,3,3,0,0,0,0,0.00,0.0,
husqvarna,6,6,0,0,0,0,0.00,0.0,
huter,838,783,39,0,16,166234,1662.34,0.020434,0.410256
hycell,14,14,0,0,0,0,0.00,0.0,
hygge,59,57,0,0,2,125100,1251.00,0.035088,
hyper,4,4,0,0,0,0,0.00,0.0,
hyperx,200,196,1,0,3,14440,144.40,0.015306,3.0
hyundai,135,134,0,0,1,44506,445.06,0.007463,
i-baby,5,5,0,0,0,0,0.00,0.0,
ibaby,8,8,0,0,0,0,0.00,0.0,
ibanez,3,3,0,0,0,0,0.00,0.0,
ibili,7,7,0,0,0,0,0.00,0.0,
ibox,408,401,2,0,5,40095,400.95,0.012469,2.5
id-cooling,51,50,0,0,1,857,8.57,0.02,
iddis,8,8,0,0,0,0,0.00,0.0,
ideal,6,6,0,0,0,0,0.00,0.0,
ifree,2,2,0,0,0,0,0.00,0.0,
iiyama,14,14,0,0,0,0,0.00,0.0,
ikea,216,211,0,0,5,4698,46.98,0.023697,
ilife,18,17,0,0,1,30631,306.31,0.058824,
illumico,7,7,0,0,0,0,0.00,0.0,
imax,4,4,0,0,0,0,0.00,0.0,
imetec,2,2,0,0,0,0,0.00,0.0,
imperia,91,91,0,0,0,0,0.00,0.0,
imperial,309,308,0,0,1,66923,669.23,0.003247,
impex,3,3,0,0,0,0,0.00,0.0,
imx,54,54,0,0,0,0,0.00,0.0,
incanto,237,229,4,0,4,57648,576.48,0.017467,1.0
incar,27,27,0,0,0,0,0.00,0.0,
indesit,2878,2753,70,0,55,1368093,13680.93,0.019978,0.785714
indiana,2,2,0,0,0,0,0.00,0.0,
indigo,8,8,0,0,0,0,0.00,0.0,
infinity,35,35,0,0,0,0,0.00,0.0,
info,8,8,0,0,0,0,0.00,0.0,
inglesina,13,13,0,0,0,0,0.00,0.0,
inhouse,45,45,0,0,0,0,0.00,0.0,
inkax,29,29,0,0,0,0,0.00,0.0,
inoi,192,183,8,0,1,4605,46.05,0.005464,0.125
insight,2,2,0,0,0,0,0.00,0.0,
insinse,3,3,0,0,0,0,0.00,0.0,
inspector,43,42,0,0,1,17501,175.01,0.02381,
intego,42,42,0,0,0,0,0.00,0.0,
intel,315,314,0,0,1,17851,178.51,0.003185,
interbaget,2,2,0,0,0,0,0.00,0.0,
internedoors,21,21,0,0,0,0,0.00,0.0,
intex,207,206,0,0,1,7722,77.22,0.004854,
intro,15,15,0,0,0,0,0.00,0.0,
ipipoo,3,3,0,0,0,0,0.00,0.0,
ipower,10,10,0,0,0,0,0.00,0.0,
irbis,188,186,0,0,2,18786,187.86,0.010753,
irest,2,2,0,0,0,0,0.00,0.0,
irit,1,1,0,0,0,0,0.00,0.0,
irobot,78,77,0,0,1,35974,359.74,0.012987,
isntree,2,2,0,0,0,0,0.00,0.0,
italtrike,1,1,0,0,0,0,0.00,0.0,
ivt,76,76,0,0,0,0,0.00,0.0,
iwalk,23,21,0,0,2,3542,35.42,0.095238,
jabra,34,33,1,0,0,0,0.00,0.0,0.0
jack,5,4,0,0,1,74556,745.56,0.25,
jackson,5,5,0,0,0,0,0.00,0.0,
jade,62,62,0,0,0,0,0.00,0.0,
jaguar,254,246,4,0,4,38420,384.20,0.01626,1.0
janome,1046,1024,15,0,7,238403,2384.03,0.006836,0.466667
jasic,4,4,0,0,0,0,0.00,0.0,
jasmine,17,17,0,0,0,0,0.00,0.0,
jata,3,3,0,0,0,0,0.00,0.0,
jawbone,2,2,0,0,0,0,0.00,0.0,
jazwares,1,1,0,0,0,0,0.00,0.0,
jb,5,5,0,0,0,0,0.00,0.0,
jbl,1415,1355,31,0,29,188709,1887.09,0.021402,0.935484
jeep,5,5,0,0,0,0,0.00,0.0,
jet,123,122,0,0,1,3987,39.87,0.008197,
jetair,12,12,0,0,0,0,0.00,0.0,
jetem,6,6,0,0,0,0,0.00,0.0,
jetpik,14,13,1,0,0,0,0.00,0.0,0.0
jiaxingharleybabycar,2,2,0,0,0,0,0.00,0.0,
jika,1,1,0,0,0,0,0.00,0.0,
jinga,105,104,1,0,0,0,0.00,0.0,0.0
jinjianfeng,4,4,0,0,0,0,0.00,0.0,
jjrc,1,1,0,0,0,0,0.00,0.0,
jkexer,4,4,0,0,0,0,0.00,0.0,
joby,1,1,0,0,0,0,0.00,0.0,
jockey,20,20,0,0,0,0,0.00,0.0,
joerex,16,16,0,0,0,0,0.00,0.0,
joie,312,302,3,0,7,126850,1268.50,0.023179,2.333333
jonnesway,71,71,0,0,0,0,0.00,0.0,
jordan,185,185,0,0,0,0,0.00,0.0,
joyor,7,7,0,0,0,0,0.00,0.0,
joyroad,43,42,0,0,1,2986,29.86,0.02381,
joyroom,12,11,0,0,1,1519,15.19,0.090909,
juki,15,15,0,0,0,0,0.00,0.0,
jumper,12,12,0,0,0,0,0.00,0.0,
junama,4,4,0,0,0,0,0.00,0.0,
junglefieldtroop,1,1,0,0,0,0,0.00,0.0,
jupiter,1,1,0,0,0,0,0.00,0.0,
jura,32,32,0,0,0,0,0.00,0.0,
juventa,2,2,0,0,0,0,0.00,0.0,
jvc,541,538,0,0,3,17503,175.03,0.005576,
k.k.y.,9,8,0,0,1,1673,16.73,0.125,
kabrita,29,29,0,0,0,0,0.00,0.0,
kacper,3,3,0,0,0,0,0.00,0.0,
kaemingk,3,3,0,0,0,0,0.00,0.0,
kainar,11,10,0,0,1,5019,50.19,0.1,
kaiser,24,24,0,0,0,0,0.00,0.0,
kala,2,2,0,0,0,0,0.00,0.0,
kale,1,1,0,0,0,0,0.00,0.0,
kambrook,2,2,0,0,0,0,0.00,0.0,
kampfer,4,4,0,0,0,0,0.00,0.0,
kapika,5,5,0,0,0,0,0.00,0.0,
kaplanser,1,1,0,0,0,0,0.00,0.0,
kapous,1,1,0,0,0,0,0.00,0.0,
kapousprofessional,1,1,0,0,0,0,0.00,0.0,
kapsen,460,452,0,0,8,42833,428.33,0.017699,
karaja,15,15,0,0,0,0,0.00,0.0,
karat,160,158,0,0,2,3153,31.53,0.012658,
karcher,1059,1027,16,0,16,475489,4754.89,0.015579,1.0
kari,12,11,1,0,0,0,0.00,0.0,0.0
karmen,13,13,0,0,0,0,0.00,0.0,
kartal,136,136,0,0,0,0,0.00,0.0,
karya,488,484,0,0,4,18353,183.53,0.008264,
kastamonu,4,4,0,0,0,0,0.00,0.0,
kativa,20,20,0,0,0,0,0.00,0.0,
katun,1,1,0,0,0,0,0.00,0.0,
kawai,5,5,0,0,0,0,0.00,0.0,
keddo,17,17,0,0,0,0,0.00,0.0,
keenway,16,16,0,0,0,0,0.00,0.0,
keeway,1,1,0,0,0,0,0.00,0.0,
kef,14,14,0,0,0,0,0.00,0.0,
kelet,1,1,0,0,0,0,0.00,0.0,
kelli,29,29,0,0,0,0,0.00,0.0,
kelly,1,1,0,0,0,0,0.00,0.0,
ken,5,5,0,0,0,0,0.00,0.0,
keneksi,9,9,0,0,0,0,0.00,0.0,
kenwood,823,810,4,0,9,134542,1345.42,0.011111,2.25
kenzo,44,44,0,0,0,0,0.00,0.0,
kerasys,12,12,0,0,0,0,0.00,0.0,
keter,28,28,0,0,0,0,0.00,0.0,
kettler,13,12,0,0,1,37324,373.24,0.083333,
keune,11,11,0,0,0,0,0.00,0.0,
khw,4,4,0,0,0,0,0.00,0.0,
kicker,1,1,0,0,0,0,0.00,0.0,
kicx,453,451,0,0,2,20644,206.44,0.004435,
kiddy,1,1,0,0,0,0,0.00,0.0,
kiepe,5,5,0,0,0,0,0.00,0.0,
king,96,93,1,0,2,26507,265.07,0.021505,2.0
kingmax,4,4,0,0,0,0,0.00,0.0,
kingslong,2,2,0,0,0,0,0.00,0.0,
kingsong,9,9,0,0,0,0,0.00,0.0,
kingston,635,604,15,0,16,101791,1017.91,0.02649,1.066667
kingtul,51,50,0,0,1,5869,58.69,0.02,
kink,17,17,0,0,0,0,0.00,0.0,
kinlee,3,3,0,0,0,0,0.00,0.0,
kipardo,372,369,0,0,3,87982,879.82,0.00813,
kipocket,6,6,0,0,0,0,0.00,0.0,
kirkland,11,11,0,0,0,0,0.00,0.0,
kisswill,13,13,0,0,0,0,0.00,0.0,
kitchenaid,85,85,0,0,0,0,0.00,0.0,
kitfort,428,424,1,0,3,16084,160.84,0.007075,3.0
kiturami,30,29,0,0,1,48618,486.18,0.034483,
kivi,629,601,16,0,12,337658,3376.58,0.019967,0.75
klima,41,41,0,0,0,0,0.00,0.0,
klorane,3,3,0,0,0,0,0.00,0.0,
kmk,8,8,0,0,0,0,0.00,0.0,
knauf,5,5,0,0,0,0,0.00,0.0,
koffer,3,3,0,0,0,0,0.00,0.0,
kogaz,1,1,0,0,0,0,0.00,0.0,
kohala,1,1,0,0,0,0,0.00,0.0,
kolibri,35,35,0,0,0,0,0.00,0.0,
kolner,229,229,0,0,0,0,0.00,0.0,
kolo,3,3,0,0,0,0,0.00,0.0,
komfort-s,111,111,0,0,0,0,0.00,0.0,
konig,2,2,0,0,0,0,0.00,0.0,
konlega,22,22,0,0,0,0,0.00,0.0,
konov,5,5,0,0,0,0,0.00,0.0,
kontinent,4,4,0,0,0,0,0.00,0.0,
koopman,43,43,0,0,0,0,0.00,0.0,
kora,1,1,0,0,0,0,0.00,0.0,
korg,32,31,0,0,1,82216,822.16,0.032258,
korin,2,2,0,0,0,0,0.00,0.0,
kormoran,116,114,0,0,2,15702,157.02,0.017544,
korting,7,7,0,0,0,0,0.00,0.0,
kosadaka,1,1,0,0,0,0,0.00,0.0,
koss,21,20,0,0,1,9948,99.48,0.05,
kovea,9,9,0,0,0,0,0.00,0.0,
kovi,4,4,0,0,0,0,0.00,0.0,
kovroff,13,13,0,0,0,0,0.00,0.0,
kraftool,5,5,0,0,0,0,0.00,0.0,
kranzle,6,6,0,0,0,0,0.00,0.0,
krasatoys,6,6,0,0,0,0,0.00,0.0,
krause,18,17,0,0,1,8929,89.29,0.058824,
kress,7,7,0,0,0,0,0.00,0.0,
kristal,26,26,0,0,0,0,0.00,0.0,
krk,14,14,0,0,0,0,0.00,0.0,
kromax,3,3,0,0,0,0,0.00,0.0,
kronasteel,12,12,0,0,0,0,0.00,0.0,
kronopol,2,2,0,0,0,0,0.00,0.0,
kronospan,37,37,0,0,0,0,0.00,0.0,
kronwerk,4,4,0,0,0,0,0.00,0.0,
krosno,2,2,0,0,0,0,0.00,0.0,
krups,11,11,0,0,0,0,0.00,0.0,
kubanfarfor,4,4,0,0,0,0,0.00,0.0,
kugoo,115,115,0,0,0,0,0.00,0.0,
kukmara,112,107,2,0,3,12316,123.16,0.028037,1.5
kumho,41,41,0,0,0,0,0.00,0.0,
kuppersberg,17,17,0,0,0,0,0.00,0.0,
kuppersbusch,9,9,0,0,0,0,0.00,0.0,
kurzweil,68,68,0,0,0,0,0.00,0.0,
kuttenkeuler,14,14,0,0,0,0,0.00,0.0,
kx,29,28,0,0,1,1287,12.87,0.035714,
la-di-da,2,2,0,0,0,0,0.00,0.0,
lacoste,72,70,0,0,2,10422,104.22,0.028571,
ladida,8,8,0,0,0,0,0.00,0.0,
lahn,1,1,0,0,0,0,0.00,0.0,
lalaloopsy,2,2,0,0,0,0,0.00,0.0,
lalique,9,9,0,0,0,0,0.00,0.0,
lanard,4,4,0,0,0,0,0.00,0.0,
lancaster,2,2,0,0,0,0,0.00,0.0,
lancome,20,20,0,0,0,0,0.00,0.0,
lanikai,1,1,0,0,0,0,0.00,0.0,
lanvin,207,201,1,0,5,20056,200.56,0.024876,5.0
larktale,1,1,0,0,0,0,0.00,0.0,
lassa,1,1,0,0,0,0,0.00,0.0,
laston,139,139,0,0,0,0,0.00,0.0,
laudio,11,11,0,0,0,0,0.00,0.0,
laufen,8,8,0,0,0,0,0.00,0.0,
laurastar,10,10,0,0,0,0,0.00,0.0,
lcf,5,5,0,0,0,0,0.00,0.0,
leadbros,62,62,0,0,0,0,0.00,0.0,
leader,12,11,0,0,1,10806,108.06,0.090909,
leaderkids,1,1,0,0,0,0,0.00,0.0,
leagoo,2,2,0,0,0,0,0.00,0.0,
leatherman,27,27,0,0,0,0,0.00,0.0,
leco,5,5,0,0,0,0,0.00,0.0,
leeco,11,11,0,0,0,0,0.00,0.0,
leem,26,26,0,0,0,0,0.00,0.0,
lefard,10,10,0,0,0,0,0.00,0.0,
legeartis,19,19,0,0,0,0,0.00,0.0,
lego,383,381,2,0,0,0,0.00,0.0,0.0
legrand,1,1,0,0,0,0,0.00,0.0,
legre,27,27,0,0,0,0,0.00,0.0,
leica,5,5,0,0,0,0,0.00,0.0,
lemark,25,23,0,0,2,28430,284.30,0.086957,
lenovo,3329,3255,30,0,44,1855416,18554.16,0.013518,1.466667
leo,12,12,0,0,0,0,0.00,0.0,
leven,3,3,0,0,0,0,0.00,0.0,
levenhuk,60,60,0,0,0,0,0.00,0.0,
levrana,2,2,0,0,0,0,0.00,0.0,
lexmark,11,11,0,0,0,0,0.00,0.0,
lezard,5,5,0,0,0,0,0.00,0.0,
lg,5618,5408,128,0,82,3469346,34693.46,0.015163,0.640625
libbey,1,1,0,0,0,0,0.00,0.0,
libero,2,2,0,0,0,0,0.00,0.0,
liberty,1,1,0,0,0,0,0.00,0.0,
lider,473,467,0,0,6,249591,2495.91,0.012848,
lidonet,37,37,0,0,0,0,0.00,0.0,
liebherr,8,8,0,0,0,0,0.00,0.0,
lifedeco,2,2,0,0,0,0,0.00,0.0,
lifetrons,3,3,0,0,0,0,0.00,0.0,
light,4,4,0,0,0,0,0.00,0.0,
lina,5,5,0,0,0,0,0.00,0.0,
line,3,3,0,0,0,0,0.00,0.0,
lioele,1,1,0,0,0,0,0.00,0.0,
lirene,22,21,0,0,1,505,5.05,0.047619,
listvig,14,14,0,0,0,0,0.00,0.0,
lite-on,2,2,0,0,0,0,0.00,0.0,
liv,8,8,0,0,0,0,0.00,0.0,
llorens,189,188,0,0,1,4785,47.85,0.005319,
loctek,2,2,0,0,0,0,0.00,0.0,
logitech,162,157,2,0,3,10031,100.31,0.019108,1.5
lol,1,1,0,0,0,0,0.00,0.0,
lom,2,2,0,0,0,0,0.00,0.0,
londa,1,1,0,0,0,0,0.00,0.0,
lonex,11,11,0,0,0,0,0.00,0.0,
longines,58,58,0,0,0,0,0.00,0.0,
longstyle,5,5,0,0,0,0,0.00,0.0,
longway,72,72,0,0,0,0,0.00,0.0,
lord,2,2,0,0,0,0,0.00,0.0,
loreal,2,2,0,0,0,0,0.00,0.0,
lorelli,333,330,0,0,3,15079,150.79,0.009091,
lorelli-bertoni,65,64,0,0,1,20026,200.26,0.015625,
lori,1,1,0,0,0,0,0.00,0.0,
lorus,37,37,0,0,0,0,0.00,0.0,
lotos,1,1,0,0,0,0,0.00,0.0,
luazon,1,1,0,0,0,0,0.00,0.0,
lucente,6541,6420,0,0,121,3528999,35289.99,0.018847,
lumene,32,31,0,0,1,1357,13.57,0.032258,
luminarc,701,688,2,0,11,63559,635.59,0.015988,5.5
lumion,2,2,0,0,0,0,0.00,0.0,
lumme,24,23,0,0,1,1920,19.20,0.043478,
lunecase,3,3,0,0,0,0,0.00,0.0,
lunkerhunt,2,2,0,0,0,0,0.00,0.0,
luris,11,11,0,0,0,0,0.00,0.0,
lutian,7,7,0,0,0,0,0.00,0.0,
lux,245,244,0,0,1,23105,231.05,0.004098,
lux-tools,1,1,0,0,0,0,0.00,0.0,
luxell,29,29,0,0,0,0,0.00,0.0,
luxvisage,28,28,0,0,0,0,0.00,0.0,
m-audio,61,60,0,0,1,12870,128.70,0.016667,
maak,3,3,0,0,0,0,0.00,0.0,
machaon,28,27,0,0,1,862,8.62,0.037037,
machete,12,12,0,0,0,0,0.00,0.0,
maclaren,5,5,0,0,0,0,0.00,0.0,
mad,8,8,0,0,0,0,0.00,0.0,
madcat,1,1,0,0,0,0,0.00,0.0,
madina,2,2,0,0,0,0,0.00,0.0,
maestro,8,8,0,0,0,0,0.00,0.0,
magellan,13,13,0,0,0,0,0.00,0.0,
magformers,4,4,0,0,0,0,0.00,0.0,
magic,2,2,0,0,0,0,0.00,0.0,
magma,1,1,0,0,0,0,0.00,0.0,
magnetta,315,310,4,0,1,12668,126.68,0.003226,0.25
maisonfranciskurkdjian,1,1,0,0,0,0,0.00,0.0,
maisto,18,18,0,0,0,0,0.00,0.0,
majescogames,1,1,0,0,0,0,0.00,0.0,
mak,5,5,0,0,0,0,0.00,0.0,
makarena,1,1,0,0,0,0,0.00,0.0,
makeblock,6,6,0,0,0,0,0.00,0.0,
makita,457,453,0,0,4,57954,579.54,0.00883,
malamalama,1,1,0,0,0,0,0.00,0.0,
malushen,15,15,0,0,0,0,0.00,0.0,
malva,3,3,0,0,0,0,0.00,0.0,
mamadoma,10,10,0,0,0,0,0.00,0.0,
maman,6,6,0,0,0,0,0.00,0.0,
mammie,7,7,0,0,0,0,0.00,0.0,
mammut,28,28,0,0,0,0,0.00,0.0,
mancera,16,16,0,0,0,0,0.00,0.0,
manfrotto,21,20,0,0,1,5557,55.57,0.05,
manhattan,7,7,0,0,0,0,0.00,0.0,
mantra,25,25,0,0,0,0,0.00,0.0,
manuoki,10,10,0,0,0,0,0.00,0.0,
maomaoku,76,74,0,0,2,67184,671.84,0.027027,
mapei,1,1,0,0,0,0,0.00,0.0,
mapex,21,21,0,0,0,0,0.00,0.0,
marcomen,123,123,0,0,0,0,0.00,0.0,
marcotozzipremio,1,1,0,0,0,0,0.00,0.0,
markbass,2,2,0,0,0,0,0.00,0.0,
marley,13,13,0,0,0,0,0.00,0.0,
marmiton,1,1,0,0,0,0,0.00,0.0,
mars,3,3,0,0,0,0,0.00,0.0,
marshal,43,42,0,0,1,6435,64.35,0.02381,
marshall,170,165,1,0,4,61565,615.65,0.024242,4.0
mart,148,144,1,0,3,37448,374.48,0.020833,3.0
marta,10,10,0,0,0,0,0.00,0.0,
marusa,1,1,0,0,0,0,0.00,0.0,
marvel,1,1,0,0,0,0,0.00,0.0,
masei,41,41,0,0,0,0,0.00,0.0,
masi,2,2,0,0,0,0,0.00,0.0,
masstone,1,1,0,0,0,0,0.00,0.0,
master,15,15,0,0,0,0,0.00,0.0,
masterfish,4,4,0,0,0,0,0.00,0.0,
masteryard,3,3,0,0,0,0,0.00,0.0,
mastrad,2,2,0,0,0,0,0.00,0.0,
matador,759,709,29,0,21,132383,1323.83,0.029619,0.724138
mateus,4,4,0,0,0,0,0.00,0.0,
matrix,261,261,0,0,0,0,0.00,0.0,
matrol,23,23,0,0,0,0,0.00,0.0,
mattel,48,48,0,0,0,0,0.00,0.0,
mauboussin,3,3,0,0,0,0,0.00,0.0,
maunfeld,49,49,0,0,0,0,0.00,0.0,
max,7,7,0,0,0,0,0.00,0.0,
maxcolor,1,1,0,0,0,0,0.00,0.0,
maxi,6,6,0,0,0,0,0.00,0.0,
maxi-cosi,9,9,0,0,0,0,0.00,0.0,
maxima,10,10,0,0,0,0,0.00,0.0,
maxion,1,1,0,0,0,0,0.00,0.0,
maxler,65,65,0,0,0,0,0.00,0.0,
maxtrek,72,71,0,0,1,8417,84.17,0.014085,
maxvi,123,120,0,0,3,2546,25.46,0.025,
maxwell,556,538,8,0,10,21515,215.15,0.018587,1.25
maxxis,413,404,2,0,7,50749,507.49,0.017327,3.5
maysun,2,1,1,0,0,0,0.00,0.0,0.0
maytoni,1,1,0,0,0,0,0.00,0.0,
mazzini,28,28,0,0,0,0,0.00,0.0,
mbs,11,11,0,0,0,0,0.00,0.0,
mccan,1,1,0,0,0,0,0.00,0.0,
mdv,2,2,0,0,0,0,0.00,0.0,
meade,11,11,0,0,0,0,0.00,0.0,
meanlove,2,2,0,0,0,0,0.00,0.0,
measy,4,4,0,0,0,0,0.00,0.0,
mebberi,1,1,0,0,0,0,0.00,0.0,
mebbery.kz,1,1,0,0,0,0,0.00,0.0,
mebberykz,4,4,0,0,0,0,0.00,0.0,
mebelazii,4,4,0,0,0,0,0.00,0.0,
mebelev,5,5,0,0,0,0,0.00,0.0,
mebelgrad,3,3,0,0,0,0,0.00,0.0,
mebels,5,5,0,0,0,0,0.00,0.0,
mebelson,80,80,0,0,0,0,0.00,0.0,
mebelswow-rn,18,18,0,0,0,0,0.00,0.0,
meccano,1,1,0,0,0,0,0.00,0.0,
mecta,2,2,0,0,0,0,0.00,0.0,
medalist,6,6,0,0,0,0,0.00,0.0,
medela,6,6,0,0,0,0,0.00,0.0,
medeli,12,12,0,0,0,0,0.00,0.0,
mediheal,1,1,0,0,0,0,0.00,0.0,
mefro,7,7,0,0,0,0,0.00,0.0,
megasaurs,1,1,0,0,0,0,0.00,0.0,
meguin,8,8,0,0,0,0,0.00,0.0,
meike,1,1,0,0,0,0,0.00,0.0,
meinl,5,5,0,0,0,0,0.00,0.0,
meizu,1656,1638,6,0,12,158399,1583.99,0.007326,2.0
mekkan,3,3,0,0,0,0,0.00,0.0,
melitta,30,30,0,0,0,0,0.00,0.0,
memo,2,2,0,0,0,0,0.00,0.0,
mengbadi,1,1,0,0,0,0,0.00,0.0,
mentor,3,3,0,0,0,0,0.00,0.0,
merach,2,2,0,0,0,0,0.00,0.0,
mercedes,17,17,0,0,0,0,0.00,0.0,
mercury,69,69,0,0,0,0,0.00,0.0,
merelani,188,188,0,0,0,0,0.00,0.0,
merries,29,27,0,0,2,2486,24.86,0.074074,
merrylock,2,2,0,0,0,0,0.00,0.0,
mersco,2,2,0,0,0,0,0.00,0.0,
merzuka,1,1,0,0,0,0,0.00,0.0,
metabo,128,128,0,0,0,0,0.00,0.0,
method,1,1,0,0,0,0,0.00,0.0,
metrot,3,3,0,0,0,0,0.00,0.0,
metsui,16,16,0,0,0,0,0.00,0.0,
mexx,6,5,0,0,1,1872,18.72,0.2,
mhp,4,4,0,0,0,0,0.00,0.0,
mibb,8,8,0,0,0,0,0.00,0.0,
mica,2,2,0,0,0,0,0.00,0.0,
micallef,1,1,0,0,0,0,0.00,0.0,
michelin,528,510,11,0,7,58732,587.32,0.013725,0.636364
micio,3,3,0,0,0,0,0.00,0.0,
micmax,17,17,0,0,0,0,0.00,0.0,
micro,2,2,0,0,0,0,0.00,0.0,
microfire,5,5,0,0,0,0,0.00,0.0,
microlab,265,258,3,0,4,12920,129.20,0.015504,1.333333
micromax,8,8,0,0,0,0,0.00,0.0,
micron,2,2,0,0,0,0,0.00,0.0,
microsoft,216,212,0,0,4,75904,759.04,0.018868,
micuna,9,9,0,0,0,0,0.00,0.0,
midea,1236,1197,15,0,24,275855,2758.55,0.02005,1.6
mido,13,13,0,0,0,0,0.00,0.0,
miele,6,6,0,0,0,0,0.00,0.0,
miescarpe,1,1,0,0,0,0,0.00,0.0,
mikrotik,3,3,0,0,0,0,0.00,0.0,
milano,5,5,0,0,0,0,0.00,0.0,
milat,9,9,0,0,0,0,0.00,0.0,
milavitsa,413,412,0,0,1,1716,17.16,0.002427,
milight,3,3,0,0,0,0,0.00,0.0,
millet,5,5,0,0,0,0,0.00,0.0,
millionaire,59,57,0,0,2,15804,158.04,0.035088,
milwaukee,45,44,0,0,1,14227,142.27,0.022727,
mima,24,24,0,0,0,0,0.00,0.0,
minecraft,2,2,0,0,0,0,0.00,0.0,
minelab,7,7,0,0,0,0,0.00,0.0,
minerva,16,16,0,0,0,0,0.00,0.0,
minimen,11,11,0,0,0,0,0.00,0.0,
minimotors,2,2,0,0,0,0,0.00,0.0,
mio,23,22,0,0,1,14157,141.57,0.045455,
miolla,1,1,0,0,0,0,0.00,0.0,
miracase,3,2,1,0,0,0,0.00,0.0,0.0
miracle,1,1,0,0,0,0,0.00,0.0,
miraculous,4,4,0,0,0,0,0.00,0.0,
mirage,35,34,0,0,1,5148,51.48,0.029412,
misfit,4,4,0,0,0,0,0.00,0.0,
missha,60,59,0,0,1,3076,30.76,0.016949,
misty,5,5,0,0,0,0,0.00,0.0,
mitasu,41,40,0,0,1,2059,20.59,0.025,
mitre,10,10,0,0,0,0,0.00,0.0,
mitte,4,4,0,0,0,0,0.00,0.0,
miumiu,2,2,0,0,0,0,0.00,0.0,
mjx,3,3,0,0,0,0,0.00,0.0,
mltl,111,111,0,0,0,0,0.00,0.0,
mobil,108,107,0,0,1,2574,25.74,0.009346,
modern,8,8,0,0,0,0,0.00,0.0,
moldabela,131,131,0,0,0,0,0.00,0.0,
moliabal,14,14,0,0,0,0,0.00,0.0,
molten,2,2,0,0,0,0,0.00,0.0,
momentum,6,6,0,0,0,0,0.00,0.0,
momert,14,14,0,0,0,0,0.00,0.0,
monchhichi,1,1,0,0,0,0,0.00,0.0,
monkey,2,2,0,0,0,0,0.00,0.0,
monro,2,2,0,0,0,0,0.00,0.0,
monster,3,3,0,0,0,0,0.00,0.0,
montale,283,272,7,0,4,33076,330.76,0.014706,0.571429
montblanc,47,47,0,0,0,0,0.00,0.0,
moon,17,17,0,0,0,0,0.00,0.0,
moony,10,10,0,0,0,0,0.00,0.0,
moonybaby,6,6,0,0,0,0,0.00,0.0,
moose,4,4,0,0,0,0,0.00,0.0,
moov,7,7,0,0,0,0,0.00,0.0,
mora,13,13,0,0,0,0,0.00,0.0,
morel,33,32,0,0,1,6023,60.23,0.03125,
moschino,77,76,1,0,0,0,0.00,0.0,0.0
mosconi,4,4,0,0,0,0,0.00,0.0,
moser,27,27,0,0,0,0,0.00,0.0,
motivyotdyha,1,1,0,0,0,0,0.00,0.0,
motorguide,28,28,0,0,0,0,0.00,0.0,
motorola,20,20,0,0,0,0,0.00,0.0,
motul,23,23,0,0,0,0,0.00,0.0,
moulinex,463,441,14,0,8,68579,685.79,0.018141,0.571429
moxom,7,7,0,0,0,0,0.00,0.0,
mrm-power,5,5,0,0,0,0,0.00,0.0,
msi,401,399,0,0,2,175052,1750.52,0.005013,
mstar,2,2,0,0,0,0,0.00,0.0,
muqaba,3,3,0,0,0,0,0.00,0.0,
muqajankz,51,51,0,0,0,0,0.00,0.0,
murager,29,29,0,0,0,0,0.00,0.0,
murena,1,1,0,0,0,0,0.00,0.0,
musclepharm,3,3,0,0,0,0,0.00,0.0,
muscletech,7,7,0,0,0,0,0.00,0.0,
mustela,2,2,0,0,0,0,0.00,0.0,
mutant,78,76,0,0,2,8366,83.66,0.026316,
mutlu,30,30,0,0,0,0,0.00,0.0,
mutsy,2,2,0,0,0,0,0.00,0.0,
mw-light,1,1,0,0,0,0,0.00,0.0,
mydean,20,20,0,0,0,0,0.00,0.0,
mykita,1,1,0,0,0,0,0.00,0.0,
mykronoz,66,64,0,0,2,11790,117.90,0.03125,
myprotein,3,3,0,0,0,0,0.00,0.0,
mystar,8,8,0,0,0,0,0.00,0.0,
mystery,83,82,0,0,1,4376,43.76,0.012195,
mz,17,17,0,0,0,0,0.00,0.0,
nacon,1,1,0,0,0,0,0.00,0.0,
nadoba,6,6,0,0,0,0,0.00,0.0,
nakamichi,89,89,0,0,0,0,0.00,0.0,
namazu,1,1,0,0,0,0,0.00,0.0,
nan,36,36,0,0,0,0,0.00,0.0,
nanga,1,1,0,0,0,0,0.00,0.0,
nania,46,45,1,0,0,0,0.00,0.0,0.0
naranda,2,2,0,0,0,0,0.00,0.0,
nasomatto,20,20,0,0,0,0,0.00,0.0,
native,27,27,0,0,0,0,0.00,0.0,
natrol,9,9,0,0,0,0,0.00,0.0,
naturehike,37,37,0,0,0,0,0.00,0.0,
navien,221,216,1,0,4,242473,2424.73,0.018519,4.0
navitel,137,134,0,0,3,30621,306.21,0.022388,
neo,112,112,0,0,0,0,0.00,0.0,
neoclassic,2,2,0,0,0,0,0.00,0.0,
neoline,538,525,3,0,10,170563,1705.63,0.019048,3.333333
neposeda,10,10,0,0,0,0,0.00,0.0,
nero,1,1,0,0,0,0,0.00,0.0,
nestogen,25,24,0,0,1,914,9.14,0.041667,
netechnics,209,208,0,0,1,63062,630.62,0.004808,
netgear,2,2,0,0,0,0,0.00,0.0,
nexen,274,269,1,0,4,32665,326.65,0.01487,4.0
nexpero,566,560,0,0,6,47156,471.56,0.010714,
next,19,18,0,0,1,6657,66.57,0.055556,
nexttab,39,39,0,0,0,0,0.00,0.0,
niche,1,1,0,0,0,0,0.00,0.0,
nici,3,3,0,0,0,0,0.00,0.0,
niio,10,10,0,0,0,0,0.00,0.0,
nik,1,1,0,0,0,0,0.00,0.0,
nika,282,274,0,0,8,23792,237.92,0.029197,
nike,1066,1065,0,0,1,7352,73.52,9.39E-4,
nikon,276,271,2,0,3,89719,897.19,0.01107,1.5
nikotex,31,31,0,0,0,0,0.00,0.0,
nillkin,36,36,0,0,0,0,0.00,0.0,
ninebot,18,18,0,0,0,0,0.00,0.0,
nintendo,142,137,1,0,4,59708,597.08,0.029197,4.0
nioxin,1,1,0,0,0,0,0.00,0.0,
nissan,5,5,0,0,0,0,0.00,0.0,
nitecore,22,22,0,0,0,0,0.00,0.0,
nitro,74,74,0,0,0,0,0.00,0.0,
nitto,53,52,1,0,0,0,0.00,0.0,0.0
nivea,30,30,0,0,0,0,0.00,0.0,
nixx,1,1,0,0,0,0,0.00,0.0,
nobby,13,13,0,0,0,0,0.00,0.0,
nodor,1,1,0,0,0,0,0.00,0.0,
nokia,1785,1715,45,0,25,151925,1519.25,0.014577,0.555556
nokian,1876,1775,53,0,48,323045,3230.45,0.027042,0.90566
noktamakro,9,9,0,0,0,0,0.00,0.0,
nomad,1,1,0,0,0,0,0.00,0.0,
noppies,63,63,0,0,0,0,0.00,0.0,
nord,4,4,0,0,0,0,0.00,0.0,
norfin,53,53,0,0,0,0,0.00,0.0,
normann,1,1,0,0,0,0,0.00,0.0,
norplast,1,1,0,0,0,0,0.00,0.0,
nortec,10,10,0,0,0,0,0.00,0.0,
note,12,12,0,0,0,0,0.00,0.0,
novatrack,5,5,0,0,0,0,0.00,0.0,
novigo,19,19,0,0,0,0,0.00,0.0,
novline,21,21,0,0,0,0,0.00,0.0,
now,6,6,0,0,0,0,0.00,0.0,
nowystyl,1,1,0,0,0,0,0.00,0.0,
nubia,24,24,0,0,0,0,0.00,0.0,
nuk,2,2,0,0,0,0,0.00,0.0,
numark,1,1,0,0,0,0,0.00,0.0,
nuna,13,13,0,0,0,0,0.00,0.0,
nutrex,26,26,0,0,0,0,0.00,0.0,
nutribullet,5,5,0,0,0,0,0.00,0.0,
nutricia,15,14,0,0,1,1102,11.02,0.071429,
nutrilak,1,1,0,0,0,0,0.00,0.0,
nutrilon,63,63,0,0,0,0,0.00,0.0,
nux,2,2,0,0,0,0,0.00,0.0,
nuxe,9,9,0,0,0,0,0.00,0.0,
nvidia,3,3,0,0,0,0,0.00,0.0,
nyce,9,9,0,0,0,0,0.00,0.0,
nz,16,16,0,0,0,0,0.00,0.0,
nzxt,12,12,0,0,0,0,0.00,0.0,
oasis,441,430,6,0,5,15698,156.98,0.011628,0.833333
obi,26,26,0,0,0,0,0.00,0.0,
obsessive,5,5,0,0,0,0,0.00,0.0,
ogreen,1,1,0,0,0,0,0.00,0.0,
okuma,43,43,0,0,0,0,0.00,0.0,
oleo-mac,1,1,0,0,0,0,0.00,0.0,
olimp,2,2,0,0,0,0,0.00,0.0,
olivella,2,2,0,0,0,0,0.00,0.0,
olmeko,13,13,0,0,0,0,0.00,0.0,
olmio,107,106,0,0,1,2136,21.36,0.009434,
olto,34,33,0,0,1,15341,153.41,0.030303,
olympus,3,3,0,0,0,0,0.00,0.0,
omabelle,1146,1142,0,0,4,523822,5238.22,0.003503,
ombra,30,30,0,0,0,0,0.00,0.0,
omnimount,1,1,0,0,0,0,0.00,0.0,
omnio,1,1,0,0,0,0,0.00,0.0,
omoikiri,7,7,0,0,0,0,0.00,0.0,
omron,597,567,18,0,12,72073,720.73,0.021164,0.666667
on,8,8,0,0,0,0,0.00,0.0,
oneplus,668,664,0,0,4,277631,2776.31,0.006024,
onkron,11,11,0,0,0,0,0.00,0.0,
onlitop,69,69,0,0,0,0,0.00,0.0,
opadiris,3,3,0,0,0,0,0.00,0.0,
opple,1,1,0,0,0,0,0.00,0.0,
oppo,4808,4486,220,0,102,2251494,22514.94,0.022737,0.463636
optima,15,15,0,0,0,0,0.00,0.0,
optimus,6,6,0,0,0,0,0.00,0.0,
optoma,12,12,0,0,0,0,0.00,0.0,
oral-b,68,66,1,0,1,3859,38.59,0.015152,1.0
orange,37,35,1,0,1,553,5.53,0.028571,1.0
orangedaily,1,1,0,0,0,0,0.00,0.0,
orico,10,10,0,0,0,0,0.00,0.0,
orient,388,385,0,0,3,42111,421.11,0.007792,
origami,2,2,0,0,0,0,0.00,0.0,
origins,16,16,0,0,0,0,0.00,0.0,
oris,46,46,0,0,0,0,0.00,0.0,
orium,4,4,0,0,0,0,0.00,0.0,
orivel,1,1,0,0,0,0,0.00,0.0,
orla,2,2,0,0,0,0,0.00,0.0,
ortega,11,11,0,0,0,0,0.00,0.0,
orto-bed,1,1,0,0,0,0,0.00,0.0,
ortopazl,1,1,0,0,0,0,0.00,0.0,
os,2,2,0,0,0,0,0.00,0.0,
ostamebel,45,45,0,0,0,0,0.00,0.0,
oster,4,4,0,0,0,0,0.00,0.0,
otan,19,19,0,0,0,0,0.00,0.0,
otani,2,2,0,0,0,0,0.00,0.0,
otex,3,3,0,0,0,0,0.00,0.0,
oukitel,4,4,0,0,0,0,0.00,0.0,
oursson,41,39,0,0,2,13663,136.63,0.051282,
outwell,18,18,0,0,0,0,0.00,0.0,
ovation,50,50,0,0,0,0,0.00,0.0,
ovk,1,1,0,0,0,0,0.00,0.0,
owner,1,1,0,0,0,0,0.00,0.0,
ozkaplan,2,2,0,0,0,0,0.00,0.0,
p.i.t.,95,94,0,0,1,5792,57.92,0.010638,
pablosky,101,100,0,0,1,5920,59.20,0.01,
palisad,8,8,0,0,0,0,0.00,0.0,
palit,201,198,2,0,1,17065,170.65,0.005051,0.5
palmers,15,15,0,0,0,0,0.00,0.0,
pampers,27,26,0,0,1,551,5.51,0.038462,
panasonic,968,934,22,0,12,121893,1218.93,0.012848,0.545455
pandect,9,9,0,0,0,0,0.00,0.0,
pandora,271,267,2,0,2,30734,307.34,0.007491,1.0
pangao,12,12,0,0,0,0,0.00,0.0,
panouge,3,3,0,0,0,0,0.00,0.0,
parkcity,3,3,0,0,0,0,0.00,0.0,
parklon,1,1,0,0,0,0,0.00,0.0,
parkmaster,99,99,0,0,0,0,0.00,0.0,
parkwood,1,1,0,0,0,0,0.00,0.0,
parrot,11,11,0,0,0,0,0.00,0.0,
partner,118,115,0,0,3,28391,283.91,0.026087,
pasabahce,63,63,0,0,0,0,0.00,0.0,
patrino,4,4,0,0,0,0,0.00,0.0,
patriot,22,22,0,0,0,0,0.00,0.0,
payot,6,6,0,0,0,0,0.00,0.0,
pccooler,7,7,0,0,0,0,0.00,0.0,
pdw,13,13,0,0,0,0,0.00,0.0,
peak,18,18,0,0,0,0,0.00,0.0,
peavey,39,39,0,0,0,0,0.00,0.0,
peda,486,485,0,0,1,141574,1415.74,0.002062,
pedrollo,17,17,0,0,0,0,0.00,0.0,
peg-perego,54,51,2,0,1,15702,157.02,0.019608,0.5
pensofal,8,8,0,0,0,0,0.00,0.0,
pentax,1,1,0,0,0,0,0.00,0.0,
pequetren,3,3,0,0,0,0,0.00,0.0,
perilla,213,206,6,0,1,5145,51.45,0.004854,0.166667
perina,12,12,0,0,0,0,0.00,0.0,
permanence,3,3,0,0,0,0,0.00,0.0,
persona,107,107,0,0,0,0,0.00,0.0,
peruzzo,16,16,0,0,0,0,0.00,0.0,
petek,172,172,0,0,0,0,0.00,0.0,
peterhof,52,51,0,0,1,7720,77.20,0.019608,
petitfee,2,2,0,0,0,0,0.00,0.0,
petro-canada,13,13,0,0,0,0,0.00,0.0,
phantom,71,71,0,0,0,0,0.00,0.0,
philips,2785,2678,67,0,40,426024,4260.24,0.014937,0.597015
phillips,15,15,0,0,0,0,0.00,0.0,
phoenix,277,267,6,0,4,52638,526.38,0.014981,0.666667
piatnik,8,8,0,0,0,0,0.00,0.0,
picard,125,125,0,0,0,0,0.00,0.0,
pikate,14,14,0,0,0,0,0.00,0.0,
pinghudakebabycarrier,2,2,0,0,0,0,0.00,0.0,
pinskdrev,6,6,0,0,0,0,0.00,0.0,
pintinox,11,11,0,0,0,0,0.00,0.0,
pinus,2,2,0,0,0,0,0.00,0.0,
pioneer,1847,1827,5,0,15,131663,1316.63,0.00821,3.0
pirelli,329,317,3,0,9,66437,664.37,0.028391,3.0
pisen,3,3,0,0,0,0,0.00,0.0,
pit,1,1,0,0,0,0,0.00,0.0,
pituso,117,112,2,0,3,25040,250.40,0.026786,1.5
planet,1,1,0,0,0,0,0.00,0.0,
plano,10,10,0,0,0,0,0.00,0.0,
plantex,5,5,0,0,0,0,0.00,0.0,
plantronics,185,176,7,0,2,5314,53.14,0.011364,0.285714
playgro,11,11,0,0,0,0,0.00,0.0,
playlab,2,2,0,0,0,0,0.00,0.0,
playmates,4,4,0,0,0,0,0.00,0.0,
playme,117,115,2,0,0,0,0.00,0.0,0.0
playskool,1,1,0,0,0,0,0.00,0.0,
plextor,4,4,0,0,0,0,0.00,0.0,
plitex,40,39,0,0,1,2829,28.29,0.025641,
pnb,15,15,0,0,0,0,0.00,0.0,
pny,10,10,0,0,0,0,0.00,0.0,
pocketbook,211,204,5,0,2,37015,370.15,0.009804,0.4
polar,29,29,0,0,0,0,0.00,0.0,
polaris,2072,2014,29,0,29,121650,1216.50,0.014399,1.0
polaroid,12,12,0,0,0,0,0.00,0.0,
polarring,1,1,0,0,0,0,0.00,0.0,
polese,1,1,0,0,0,0,0.00,0.0,
poli,2,2,0,0,0,0,0.00,0.0,
police,1,1,0,0,0,0,0.00,0.0,
polini,160,159,1,0,0,0,0.00,0.0,0.0
polo,3,3,0,0,0,0,0.00,0.0,
polti,12,12,0,0,0,0,0.00,0.0,
poopsie,9,9,0,0,0,0,0.00,0.0,
popurri,1,1,0,0,0,0,0.00,0.0,
porsche,9,9,0,0,0,0,0.00,0.0,
portcase,18,17,0,0,1,898,8.98,0.058824,
powcan,13,11,0,0,2,68213,682.13,0.181818,
powercolor,29,28,0,0,1,16816,168.16,0.035714,
powerplant,42,41,1,0,0,0,0.00,0.0,0.0
powertec,20,20,0,0,0,0,0.00,0.0,
powertrac,249,246,0,0,3,16822,168.22,0.012195,
pozis,124,123,0,0,1,29576,295.76,0.00813,
pqi,1,1,0,0,0,0,0.00,0.0,
prada,15,15,0,0,0,0,0.00,0.0,
prc,9,9,0,0,0,0,0.00,0.0,
preciosa,7,7,0,0,0,0,0.00,0.0,
presonus,1,1,0,0,0,0,0.00,0.0,
prestige,11,11,0,0,0,0,0.00,0.0,
prestigio,521,499,12,0,10,68677,686.77,0.02004,0.833333
pride,252,250,0,0,2,15223,152.23,0.008,
pro-karaoke,15,15,0,0,0,0,0.00,0.0,
proel,2,2,0,0,0,0,0.00,0.0,
progress,3,3,0,0,0,0,0.00,0.0,
prolike,14,14,0,0,0,0,0.00,0.0,
prologic,94,93,0,0,1,3165,31.65,0.010753,
prology,6,6,0,0,0,0,0.00,0.0,
proma,2,2,0,0,0,0,0.00,0.0,
promate,1,1,0,0,0,0,0.00,0.0,
promountain,1,1,0,0,0,0,0.00,0.0,
promozer,5,5,0,0,0,0,0.00,0.0,
protherm,2,2,0,0,0,0,0.00,0.0,
provence,1,1,0,0,0,0,0.00,0.0,
provoc,1,1,0,0,0,0,0.00,0.0,
proxxon,6,6,0,0,0,0,0.00,0.0,
pt-group,353,351,0,0,2,37324,373.24,0.005698,
puckator,23,23,0,0,0,0,0.00,0.0,
pulser,773,771,0,0,2,192020,1920.20,0.002594,
puma,185,184,0,0,1,9498,94.98,0.005435,
pupa,92,91,0,0,1,1121,11.21,0.010989,
purederm,18,17,0,0,1,218,2.18,0.058824,
pyrex,24,24,0,0,0,0,0.00,0.0,
qazaqkhan,1,1,0,0,0,0,0.00,0.0,
qazprotein,5,5,0,0,0,0,0.00,0.0,
qcyber,5,5,0,0,0,0,0.00,0.0,
qiangchi,19,19,0,0,0,0,0.00,0.0,
qmax,52,52,0,0,0,0,0.00,0.0,
qnap,2,2,0,0,0,0,0.00,0.0,
qnt,4,4,0,0,0,0,0.00,0.0,
quatro,3,3,0,0,0,0,0.00,0.0,
quechua,2,2,0,0,0,0,0.00,0.0,
quinny,10,10,0,0,0,0,0.00,0.0,
qvs,5,5,0,0,0,0,0.00,0.0,
racer,131,130,0,0,1,12820,128.20,0.007692,
radaway,53,52,1,0,0,0,0.00,0.0,0.0
rado,46,46,0,0,0,0,0.00,0.0,
rainbo,14,14,0,0,0,0,0.00,0.0,
rals,280,278,0,0,2,105759,1057.59,0.007194,
ramili,7,7,0,0,0,0,0.00,0.0,
ramilibaby,1,1,0,0,0,0,0.00,0.0,
rant,83,82,1,0,0,0,0.00,0.0,0.0
rapala,3,3,0,0,0,0,0.00,0.0,
rapid,39,38,0,0,1,1542,15.42,0.026316,
rapoo,41,41,0,0,0,0,0.00,0.0,
rasch,3,3,0,0,0,0,0.00,0.0,
rastar,148,140,7,0,1,2855,28.55,0.007143,0.142857
ravak,1,1,0,0,0,0,0.00,0.0,
raveltex,1,1,0,0,0,0,0.00,0.0,
ray-ban,31,30,0,0,1,38070,380.70,0.033333,
razer,83,81,1,0,1,12412,124.12,0.012346,1.0
rcf,5,5,0,0,0,0,0.00,0.0,
rcr,14,13,0,0,1,1802,18.02,0.076923,
rebellion,4,4,0,0,0,0,0.00,0.0,
rebus,68,67,1,0,0,0,0.00,0.0,0.0
recaro,3,3,0,0,0,0,0.00,0.0,
redbo,38,38,0,0,0,0,0.00,0.0,
redford,33,33,0,0,0,0,0.00,0.0,
redline,2,2,0,0,0,0,0.00,0.0,
redmond,2779,2670,67,0,42,278606,2786.06,0.01573,0.626866
redragon,91,89,1,0,1,1722,17.22,0.011236,1.0
reebok,262,259,0,0,3,35445,354.45,0.011583,
regatta,5,5,0,0,0,0,0.00,0.0,
regent,7,6,0,0,1,10261,102.61,0.166667,
relouis,7,7,0,0,0,0,0.00,0.0,
reluce,13,13,0,0,0,0,0.00,0.0,
remain,26,26,0,0,0,0,0.00,0.0,
remax,71,70,1,0,0,0,0.00,0.0,0.0
remer,1,1,0,0,0,0,0.00,0.0,
remington,318,298,14,0,6,28737,287.37,0.020134,0.428571
remix,16,16,0,0,0,0,0.00,0.0,
remo,5,5,0,0,0,0,0.00,0.0,
remonte,20,20,0,0,0,0,0.00,0.0,
renegade,3,3,0,0,0,0,0.00,0.0,
renova,47,43,0,0,4,29433,294.33,0.093023,
renovator,1,1,0,0,0,0,0.00,0.0,
repetto,3,3,0,0,0,0,0.00,0.0,
resanta,7,7,0,0,0,0,0.00,0.0,
respect,2681,2668,0,0,13,94958,949.58,0.004873,
restar,1,1,0,0,0,0,0.00,0.0,
retrosuperfuture,1,1,0,0,0,0,0.00,0.0,
revlon,1,1,0,0,0,0,0.00,0.0,
rexco,1,1,0,0,0,0,0.00,0.0,
rextor,9,9,0,0,0,0,0.00,0.0,
rezult,10,10,0,0,0,0,0.00,0.0,
rheinberger,7,7,0,0,0,0,0.00,0.0,
rial,96,96,0,0,0,0,0.00,0.0,
riche,4,4,0,0,0,0,0.00,0.0,
ricoh,9,9,0,0,0,0,0.00,0.0,
ride,12,12,0,0,0,0,0.00,0.0,
ridian,4,4,0,0,0,0,0.00,0.0,
rieker,675,670,0,0,5,44609,446.09,0.007463,
riga,58,58,0,0,0,0,0.00,0.0,
rihanna,1,1,0,0,0,0,0.00,0.0,
rika,2,2,0,0,0,0,0.00,0.0,
riken,1,1,0,0,0,0,0.00,0.0,
riko,18,18,0,0,0,0,0.00,0.0,
rimax,25,25,0,0,0,0,0.00,0.0,
rinnai,110,106,2,0,2,173749,1737.49,0.018868,1.0
ristanskaakeramika,1,1,0,0,0,0,0.00,0.0,
ritmix,481,476,1,0,4,5610,56.10,0.008403,4.0
rivacase,38,38,0,0,0,0,0.00,0.0,
rivalli,11,10,0,0,1,51456,514.56,0.1,
rivertoys,149,147,0,0,2,40052,400.52,0.013605,
riviera,32,32,0,0,0,0,0.00,0.0,
roadcruza,6,6,0,0,0,0,0.00,0.0,
roadstone,117,116,0,0,1,8031,80.31,0.008621,
roadx,264,259,1,0,4,17855,178.55,0.015444,4.0
roamer,7,7,0,0,0,0,0.00,0.0,
robens,2,2,0,0,0,0,0.00,0.0,
roborock,6,6,0,0,0,0,0.00,0.0,
roca,16,16,0,0,0,0,0.00,0.0,
rochas,4,4,0,0,0,0,0.00,0.0,
rock,2,2,0,0,0,0,0.00,0.0,
rockdale,7,7,0,0,0,0,0.00,0.0,
rockforce,30,30,0,0,0,0,0.00,0.0,
rockstargames,5,5,0,0,0,0,0.00,0.0,
rode,1,1,0,0,0,0,0.00,0.0,
rodi,6,6,0,0,0,0,0.00,0.0,
roingto,4,4,0,0,0,0,0.00,0.0,
rokids,2,2,0,0,0,0,0.00,0.0,
roland,38,37,0,0,1,143616,1436.16,0.027027,
romack,9,9,0,0,0,0,0.00,0.0,
romana,48,48,0,0,0,0,0.00,0.0,
romanson,54,53,0,0,1,13437,134.37,0.018868,
romax,10,10,0,0,0,0,0.00,0.0,
rombica,46,46,0,0,0,0,0.00,0.0,
romer,1,1,0,0,0,0,0.00,0.0,
ronas,2,2,0,0,0,0,0.00,0.0,
roncato,69,69,0,0,0,0,0.00,0.0,
rondell,569,553,8,0,8,47950,479.50,0.014467,1.0
rooman,218,214,0,0,4,25741,257.41,0.018692,
rosa,33,33,0,0,0,0,0.00,0.0,
rosato,1,1,0,0,0,0,0.00,0.0,
rosetta,11,11,0,0,0,0,0.00,0.0,
rossignol,1,1,0,0,0,0,0.00,0.0,
rossinka,16,15,0,0,1,3676,36.76,0.066667,
rotor,1,1,0,0,0,0,0.00,0.0,
rowenta,875,835,30,0,10,55636,556.36,0.011976,0.333333
roxy,3,3,0,0,0,0,0.00,0.0,
royal,16,16,0,0,0,0,0.00,0.0,
royalblack,2,2,0,0,0,0,0.00,0.0,
rozenbal,7,7,0,0,0,0,0.00,0.0,
rubelli,2,2,0,0,0,0,0.00,0.0,
rubiks,4,4,0,0,0,0,0.00,0.0,
rubineta,11,11,0,0,0,0,0.00,0.0,
rucelf,5,5,0,0,0,0,0.00,0.0,
rush,47,47,0,0,0,0,0.00,0.0,
russia,1,1,0,0,0,0,0.00,0.0,
rw,8,8,0,0,0,0,0.00,0.0,
ryobi,80,80,0,0,0,0,0.00,0.0,
s-oil,10,10,0,0,0,0,0.00,0.0,
s.a.n.,30,29,0,0,1,1686,16.86,0.034483,
sabi,3,3,0,0,0,0,0.00,0.0,
sachiko,1,1,0,0,0,0,0.00,0.0,
sacvoyage,9,9,0,0,0,0,0.00,0.0,
saferich,27,27,0,0,0,0,0.00,0.0,
sailun,77,75,0,0,2,12562,125.62,0.026667,
sakura,7,7,0,0,0,0,0.00,0.0,
salamander,425,423,0,0,2,9730,97.30,0.004728,
salewa,8,8,0,0,0,0,0.00,0.0,
sallyhansen,3,3,0,0,0,0,0.00,0.0,
salmo,19,19,0,0,0,0,0.00,0.0,
samo,2,1,0,0,1,1284,12.84,1.0,
samson,13,13,0,0,0,0,0.00,0.0,
samsonite,2,2,0,0,0,0,0.00,0.0,
samsung,52778,47990,3047,0,1741,47798366,477983.66,0.036278,0.571382
san,3,3,0,0,0,0,0.00,0.0,
sandisk,18,18,0,0,0,0,0.00,0.0,
saniano,1,1,0,0,0,0,0.00,0.0,
sanita,21,21,0,0,0,0,0.00,0.0,
santek,22,22,0,0,0,0,0.00,0.0,
santeri,42,42,0,0,0,0,0.00,0.0,
sapphire,27,27,0,0,0,0,0.00,0.0,
sariel,11,11,0,0,0,0,0.00,0.0,
sasta,1,1,0,0,0,0,0.00,0.0,
satura,4,4,0,0,0,0,0.00,0.0,
saturn,452,441,7,0,4,4448,44.48,0.00907,0.571429
sava,122,121,0,0,1,32922,329.22,0.008264,
sbs,1,1,0,0,0,0,0.00,0.0,
scarlett,1150,1124,11,0,15,57103,571.03,0.013345,1.363636
schecter,3,2,0,0,1,42741,427.41,0.5,
scher-khan,17,17,0,0,0,0,0.00,0.0,
schneider,6,6,0,0,0,0,0.00,0.0,
schreuders,14,14,0,0,0,0,0.00,0.0,
schwinn,1,1,0,0,0,0,0.00,0.0,
scierra,10,10,0,0,0,0,0.00,0.0,
scinic,1,1,0,0,0,0,0.00,0.0,
scivation,1,1,0,0,0,0,0.00,0.0,
scool,3,3,0,0,0,0,0.00,0.0,
scoole,18,18,0,0,0,0,0.00,0.0,
scooter,3,2,1,0,0,0,0.00,0.0,0.0
scott,10,10,0,0,0,0,0.00,0.0,
scovo,35,35,0,0,0,0,0.00,0.0,
scruff-a-luvs,1,1,0,0,0,0,0.00,0.0,
sdt,4,4,0,0,0,0,0.00,0.0,
seagate,89,87,0,0,2,10987,109.87,0.022989,
seed,3,3,0,0,0,0,0.00,0.0,
sega,44,43,0,0,1,3601,36.01,0.023256,
segotep,3,3,0,0,0,0,0.00,0.0,
segway,25,25,0,0,0,0,0.00,0.0,
seiko,60,60,0,0,0,0,0.00,0.0,
seintex,7,7,0,0,0,0,0.00,0.0,
selby,85,78,6,0,1,4116,41.16,0.012821,0.166667
selective,13,13,0,0,0,0,0.00,0.0,
seletti,4,4,0,0,0,0,0.00,0.0,
senci,14,14,0,0,0,0,0.00,0.0,
sennheiser,49,48,0,0,1,2780,27.80,0.020833,
serebro,12,11,0,0,1,463,4.63,0.090909,
sevenfriday,1,1,0,0,0,0,0.00,0.0,
sgary,1,1,0,0,0,0,0.00,0.0,
shagovita,155,154,0,0,1,4233,42.33,0.006494,
shaik,7,7,0,0,0,0,0.00,0.0,
shakira,5,5,0,0,0,0,0.00,0.0,
sharking,2,2,0,0,0,0,0.00,0.0,
sheba,7,7,0,0,0,0,0.00,0.0,
sheffilton,2,2,0,0,0,0,0.00,0.0,
shell,124,124,0,0,0,0,0.00,0.0,
shenma,14,14,0,0,0,0,0.00,0.0,
sheyk,2,2,0,0,0,0,0.00,0.0,
shimano,83,82,0,0,1,6126,61.26,0.012195,
shindo,6,6,0,0,0,0,0.00,0.0,
ship,6,6,0,0,0,0,0.00,0.0,
shiseido,44,44,0,0,0,0,0.00,0.0,
shivaki,255,249,3,0,3,32699,326.99,0.012048,1.0
sho-me,425,401,16,0,8,119937,1199.37,0.01995,0.5
shogun,8,8,0,0,0,0,0.00,0.0,
shoiberg,3,3,0,0,0,0,0.00,0.0,
shopkins,3,3,0,0,0,0,0.00,0.0,
shua,9,9,0,0,0,0,0.00,0.0,
shure,32,31,0,0,1,7233,72.33,0.032258,
sibrteh,1,1,0,0,0,0,0.00,0.0,
siemens,1,1,0,0,0,0,0.00,0.0,
siger,25,25,0,0,0,0,0.00,0.0,
sigma,22,22,0,0,0,0,0.00,0.0,
signal,4,4,0,0,0,0,0.00,0.0,
signature,1,1,0,0,0,0,0.00,0.0,
silhouette,6,6,0,0,0,0,0.00,0.0,
silva,24,24,0,0,0,0,0.00,0.0,
silverlit,256,256,0,0,0,0,0.00,0.0,
silverstone,3,3,0,0,0,0,0.00,0.0,
sima-land,12,12,0,0,0,0,0.00,0.0,
simax,1,1,0,0,0,0,0.00,0.0,
simba,15,15,0,0,0,0,0.00,0.0,
simfer,17,17,0,0,0,0,0.00,0.0,
similac,8,8,0,0,0,0,0.00,0.0,
simpleparenting,11,11,0,0,0,0,0.00,0.0,
simurg,2,2,0,0,0,0,0.00,0.0,
sinbo,14,14,0,0,0,0,0.00,0.0,
singer,12,12,0,0,0,0,0.00,0.0,
sinotex,15,15,0,0,0,0,0.00,0.0,
sinusprofi,1,1,0,0,0,0,0.00,0.0,
sirius,11,11,0,0,0,0,0.00,0.0,
sis,4,4,0,0,0,0,0.00,0.0,
sisley,1,1,0,0,0,0,0.00,0.0,
sitparad,2,2,0,0,0,0,0.00,0.0,
sjcam,59,59,0,0,0,0,0.00,0.0,
skad,961,956,0,0,5,118531,1185.31,0.00523,
skagen,33,33,0,0,0,0,0.00,0.0,
skandika,2,2,0,0,0,0,0.00,0.0,
skil,3,2,0,0,1,10039,100.39,0.5,
skwooshi,1,1,0,0,0,0,0.00,0.0,
skylor,12,12,0,0,0,0,0.00,0.0,
skytech,12,11,0,0,1,2571,25.71,0.090909,
skyworth,11,11,0,0,0,0,0.00,0.0,
slaro,3,3,0,0,0,0,0.00,0.0,
slider,5,5,0,0,0,0,0.00,0.0,
sluban,1,1,0,0,0,0,0.00,0.0,
sly,24,24,0,0,0,0,0.00,0.0,
smart,98,98,0,0,0,0,0.00,0.0,
smartbuy,2,2,0,0,0,0,0.00,0.0,
smartrike,21,21,0,0,0,0,0.00,0.0,
smashbox,45,44,0,0,1,3533,35.33,0.022727,
smeg,265,261,4,0,0,0,0.00,0.0,0.0
smiger,4,4,0,0,0,0,0.00,0.0,
smile,104,103,0,0,1,5706,57.06,0.009709,
smoby,5,5,0,0,0,0,0.00,0.0,
sms,10,9,0,0,1,1029,10.29,0.111111,
snowcap,26,25,0,0,1,3449,34.49,0.04,
softoy,4,4,0,0,0,0,0.00,0.0,
sokany,2,2,0,0,0,0,0.00,0.0,
sokolov,987,975,0,0,12,238093,2380.93,0.012308,
solaris,8,8,0,0,0,0,0.00,0.0,
solarstorm,5,5,0,0,0,0,0.00,0.0,
solite,18,18,0,0,0,0,0.00,0.0,
solomon,23,23,0,0,0,0,0.00,0.0,
sonda,4,4,0,0,0,0,0.00,0.0,
sonel,72,70,0,0,2,18018,180.18,0.028571,
sony,4687,4520,92,0,75,2821952,28219.52,0.016593,0.815217
sonyinteractiveentertainment,9,7,2,0,0,0,0.00,0.0,0.0
sospiro,2,2,0,0,0,0,0.00,0.0,
soundking,5,5,0,0,0,0,0.00,0.0,
soundstream,1,1,0,0,0,0,0.00,0.0,
soyntec,2,2,0,0,0,0,0.00,0.0,
spalding,2,2,0,0,0,0,0.00,0.0,
spaquatoria,8,8,0,0,0,0,0.00,0.0,
sparta,126,124,0,0,2,5662,56.62,0.016129,
specialized,6,6,0,0,0,0,0.00,0.0,
speroni,5,5,0,0,0,0,0.00,0.0,
sphero,2,2,0,0,0,0,0.00,0.0,
spiegelau,3,3,0,0,0,0,0.00,0.0,
spinmaster,3,3,0,0,0,0,0.00,0.0,
sportbaby,11,11,0,0,0,0,0.00,0.0,
sportop,13,13,0,0,0,0,0.00,0.0,
spur,32,32,0,0,0,0,0.00,0.0,
squier,25,24,1,0,0,0,0.00,0.0,0.0
stabila,2,2,0,0,0,0,0.00,0.0,
stagg,67,65,0,0,2,15702,157.02,0.030769,
stahlberg,2,2,0,0,0,0,0.00,0.0,
stalker,4,4,0,0,0,0,0.00,0.0,
standard,1,1,0,0,0,0,0.00,0.0,
stanley,374,371,1,0,2,17066,170.66,0.005391,2.0
stark,13,13,0,0,0,0,0.00,0.0,
starline,1243,1171,51,0,21,274910,2749.10,0.017933,0.411765
starmix,1,1,0,0,0,0,0.00,0.0,
startline,1,1,0,0,0,0,0.00,0.0,
startul,84,83,0,0,1,2404,24.04,0.012048,
starway,4,4,0,0,0,0,0.00,0.0,
stayer,44,44,0,0,0,0,0.00,0.0,
stealth,1,1,0,0,0,0,0.00,0.0,
steelflex,23,23,0,0,0,0,0.00,0.0,
steelseries,68,67,1,0,0,0,0.00,0.0,0.0
steger,3,3,0,0,0,0,0.00,0.0,
stels,2363,2323,6,0,34,308101,3081.01,0.014636,5.666667
stendmebel,121,121,0,0,0,0,0.00,0.0,
steppuzzle,3,3,0,0,0,0,0.00,0.0,
stern,1,1,0,0,0,0,0.00,0.0,
sterntaler,6,6,0,0,0,0,0.00,0.0,
stiga,15,15,0,0,0,0,0.00,0.0,
stihl,187,186,0,0,1,17993,179.93,0.005376,
stikbot,4,4,0,0,0,0,0.00,0.0,
stinger,19,19,0,0,0,0,0.00,0.0,
stinol,1,1,0,0,0,0,0.00,0.0,
stl,1,1,0,0,0,0,0.00,0.0,
stockli,1,1,0,0,0,0,0.00,0.0,
stokke,17,17,0,0,0,0,0.00,0.0,
stolplit,14,14,0,0,0,0,0.00,0.0,
stonelock,2,2,0,0,0,0,0.00,0.0,
storm,2,2,0,0,0,0,0.00,0.0,
strobbs,423,419,0,0,4,21827,218.27,0.009547,
stryj,1,1,0,0,0,0,0.00,0.0,
studio,1,1,0,0,0,0,0.00,0.0,
studiomaster,4,4,0,0,0,0,0.00,0.0,
studioprofessional,2,2,0,0,0,0,0.00,0.0,
suave,18,18,0,0,0,0,0.00,0.0,
subini,40,39,0,0,1,16731,167.31,0.025641,
sulu,31,31,0,0,0,0,0.00,0.0,
sumdex,48,48,0,0,0,0,0.00,0.0,
sunbody,9,9,0,0,0,0,0.00,0.0,
suncolor,3,3,0,0,0,0,0.00,0.0,
sunday,9,9,0,0,0,0,0.00,0.0,
sunfull,5,5,0,0,0,0,0.00,0.0,
sunmi,7,6,0,0,1,20593,205.93,0.166667,
sunsuki,10,10,0,0,0,0,0.00,0.0,
sunsystem,1,1,0,0,0,0,0.00,0.0,
suntech-msks,2,2,0,0,0,0,0.00,0.0,
sunwide,24,24,0,0,0,0,0.00,0.0,
superlux,3,3,0,0,0,0,0.00,0.0,
suunto,37,37,0,0,0,0,0.00,0.0,
sv,1746,1739,0,0,7,172429,1724.29,0.004025,
svc,78,78,0,0,0,0,0.00,0.0,
sven,392,381,4,0,7,33904,339.04,0.018373,1.75
svoboda,1,1,0,0,0,0,0.00,0.0,
swat,144,143,0,0,1,17504,175.04,0.006993,
swatch,42,42,0,0,0,0,0.00,0.0,
sweety,8,8,0,0,0,0,0.00,0.0,
swisshome,103,100,0,0,3,30117,301.17,0.03,
swissline,2,2,0,0,0,0,0.00,0.0,
syma,90,89,0,0,1,3086,30.86,0.011236,
synology,1,1,0,0,0,0,0.00,0.0,
syntrax,5,5,0,0,0,0,0.00,0.0,
t-max,74,74,0,0,0,0,0.00,0.0,
t-rex,10,10,0,0,0,0,0.00,0.0,
tactic,1,1,0,0,0,0,0.00,0.0,
tacx,8,8,0,0,0,0,0.00,0.0,
takamine,9,9,0,0,0,0,0.00,0.0,
takeit,8,7,1,0,0,0,0.00,0.0,0.0
tako,4,4,0,0,0,0,0.00,0.0,
taller,20,20,0,0,0,0,0.00,0.0,
tamaris,108,108,0,0,0,0,0.00,0.0,
tamish,1,1,0,0,0,0,0.00,0.0,
tanglewood,1,1,0,0,0,0,0.00,0.0,
tarkett,136,136,0,0,0,0,0.00,0.0,
tarlan,2,2,0,0,0,0,0.00,0.0,
tascam,2,2,0,0,0,0,0.00,0.0,
taxi,3,3,0,0,0,0,0.00,0.0,
tch,14,14,0,0,0,0,0.00,0.0,
tcl,366,349,10,0,7,182364,1823.64,0.020057,0.7
tec,11,11,0,0,0,0,0.00,0.0,
tech-line,26,26,0,0,0,0,0.00,0.0,
technogym,4,4,0,0,0,0,0.00,0.0,
technomax,16,16,0,0,0,0,0.00,0.0,
tecno,61,60,0,0,1,11815,118.15,0.016667,
tefal,1972,1886,57,0,29,347865,3478.65,0.015376,0.508772
tega,14,14,0,0,0,0,0.00,0.0,
teka,3,3,0,0,0,0,0.00,0.0,
teknetics,6,6,0,0,0,0,0.00,0.0,
teknum,10,10,0,0,0,0,0.00,0.0,
telefunken,6,6,0,0,0,0,0.00,0.0,
temp,2,2,0,0,0,0,0.00,0.0,
tempish,8,8,0,0,0,0,0.00,0.0,
tenda,21,21,0,0,0,0,0.00,0.0,
teorema,7,7,0,0,0,0,0.00,0.0,
teosa,101,100,0,0,1,4106,41.06,0.01,
teplokryma,1,1,0,0,0,0,0.00,0.0,
teploross,53,51,1,0,1,46564,465.64,0.019608,1.0
terra,11,11,0,0,0,0,0.00,0.0,
terris,29,28,0,0,1,2960,29.60,0.035714,
teslastyle,1,1,0,0,0,0,0.00,0.0,
tesler,4,4,0,0,0,0,0.00,0.0,
tesoro,57,57,0,0,0,0,0.00,0.0,
texet,416,410,4,0,2,2029,20.29,0.004878,0.5
textura,4,4,0,0,0,0,0.00,0.0,
teyko,1,1,0,0,0,0,0.00,0.0,
thermaltake,111,111,0,0,0,0,0.00,0.0,
thermex,143,140,2,0,1,13899,138.99,0.007143,0.5
thomas,365,353,7,0,5,201022,2010.22,0.014164,0.714286
thorvik,6,6,0,0,0,0,0.00,0.0,
three-a,1,1,0,0,0,0,0.00,0.0,
thrustmaster,29,28,1,0,0,0,0.00,0.0,0.0
thule,127,127,0,0,0,0,0.00,0.0,
tierra,1,1,0,0,0,0,0.00,0.0,
tigar,272,270,0,0,2,18855,188.55,0.007407,
tigres,1,1,0,0,0,0,0.00,0.0,
tima,7,7,0,0,0,0,0.00,0.0,
timberk,182,177,0,0,5,23670,236.70,0.028249,
timson,6,6,0,0,0,0,0.00,0.0,
tisa,1,1,0,0,0,0,0.00,0.0,
tissot,325,322,0,0,3,163865,1638.65,0.009317,
titan,35,34,0,0,1,21365,213.65,0.029412,
tmnt,1,1,0,0,0,0,0.00,0.0,
tobot,2,2,0,0,0,0,0.00,0.0,
tognana,17,17,0,0,0,0,0.00,0.0,
tokler,2,2,0,0,0,0,0.00,0.0,
tomahawk,143,143,0,0,0,0,0.00,0.0,
tomfarr,256,256,0,0,0,0,0.00,0.0,
tontarelli,1,1,0,0,0,0,0.00,0.0,
tonybellucci,2,2,0,0,0,0,0.00,0.0,
toocool,2,2,0,0,0,0,0.00,0.0,
tools,2,2,0,0,0,0,0.00,0.0,
topex,3,3,0,0,0,0,0.00,0.0,
topface,16,16,0,0,0,0,0.00,0.0,
topicrem,6,6,0,0,0,0,0.00,0.0,
toro,93,93,0,0,0,0,0.00,0.0,
torrent,99,96,0,0,3,29393,293.93,0.03125,
toshiba,221,219,1,0,1,43731,437.31,0.004566,1.0
total,217,212,2,0,3,8988,89.88,0.014151,1.5
touchbeauty,20,20,0,0,0,0,0.00,0.0,
tourist,1,1,0,0,0,0,0.00,0.0,
tous,2,2,0,0,0,0,0.00,0.0,
toway,5,4,0,0,1,26204,262.04,0.25,
toyland,3,3,0,0,0,0,0.00,0.0,
toyo,146,142,0,0,4,50349,503.49,0.028169,
toyota,84,83,1,0,0,0,0.00,0.0,0.0
tp-link,569,548,13,0,8,55661,556.61,0.014599,0.615385
tpmaster,1,1,0,0,0,0,0.00,0.0,
transcend,392,380,6,0,6,25652,256.52,0.015789,1.0
transformers,2,2,0,0,0,0,0.00,0.0,
traser,7,7,0,0,0,0,0.00,0.0,
travelite,13,13,0,0,0,0,0.00,0.0,
travellight,3,3,0,0,0,0,0.00,0.0,
trebl,273,267,0,0,6,35110,351.10,0.022472,
trefl,2,2,0,0,0,0,0.00,0.0,
trek,20,20,0,0,0,0,0.00,0.0,
trendbeauty,1,1,0,0,0,0,0.00,0.0,
trendvision,3,3,0,0,0,0,0.00,0.0,
trendy,1,1,0,0,0,0,0.00,0.0,
trespass,1,1,0,0,0,0,0.00,0.0,
triangle,2154,2091,6,0,57,273317,2733.17,0.02726,9.5
trianglegroup,1,1,0,0,0,0,0.00,0.0,
trinx,32,32,0,0,0,0,0.00,0.0,
tristar,96,96,0,0,0,0,0.00,0.0,
triton,45,45,0,0,0,0,0.00,0.0,
triumphtree,1,1,0,0,0,0,0.00,0.0,
trollbeads,127,127,0,0,0,0,0.00,0.0,
troyka,10,8,1,0,1,946,9.46,0.125,1.0
trussardi,24,24,0,0,0,0,0.00,0.0,
trust,155,154,1,0,0,0,0.00,0.0,0.0
tsubaki,3,3,0,0,0,0,0.00,0.0,
tuarex,1,1,0,0,0,0,0.00,0.0,
tucano,4,2,1,0,1,3601,36.01,0.5,1.0
tuffoni,21,21,0,0,0,0,0.00,0.0,
tuka,34,34,0,0,0,0,0.00,0.0,
tuncmatik,1,1,0,0,0,0,0.00,0.0,
tundra,15,15,0,0,0,0,0.00,0.0,
tunga,543,529,0,0,14,51523,515.23,0.026465,
turbo,103,100,3,0,0,0,0.00,0.0,0.0
turboair,93,92,0,0,1,4085,40.85,0.01087,
turbosound,1,1,0,0,0,0,0.00,0.0,
tutis,25,25,0,0,0,0,0.00,0.0,
tutti,11,11,0,0,0,0,0.00,0.0,
tutu,1,1,0,0,0,0,0.00,0.0,
tv-shop,9,9,0,0,0,0,0.00,0.0,
twins,13,13,0,0,0,0,0.00,0.0,
twistclimbingcar,1,1,0,0,0,0,0.00,0.0,
ty,12,12,0,0,0,0,0.00,0.0,
tyr,1,1,0,0,0,0,0.00,0.0,
tyrex,18,17,0,0,1,23939,239.39,0.058824,
ubear,1,1,0,0,0,0,0.00,0.0,
ubiquiti,2,2,0,0,0,0,0.00,0.0,
ubisoft,68,67,0,0,1,1574,15.74,0.014925,
ugreen,18,18,0,0,0,0,0.00,0.0,
ultraflash,7,7,0,0,0,0,0.00,0.0,
umi,29,29,0,0,0,0,0.00,0.0,
uniforce,2,2,0,0,0,0,0.00,0.0,
unikum,2,2,0,0,0,0,0.00,0.0,
unilux,74,73,0,0,1,64008,640.08,0.013699,
unison,2,2,0,0,0,0,0.00,0.0,
unit,103,101,0,0,2,5686,56.86,0.019802,
uno,33,33,0,0,0,0,0.00,0.0,
upright,4,4,0,0,0,0,0.00,0.0,
uragan,6,6,0,0,0,0,0.00,0.0,
urbanears,2,2,0,0,0,0,0.00,0.0,
usams,82,81,0,0,1,4828,48.28,0.012346,
usborne,2,2,0,0,0,0,0.00,0.0,
v-t,1,1,0,0,0,0,0.00,0.0,
v-unic,1,1,0,0,0,0,0.00,0.0,
vako,7,7,0,0,0,0,0.00,0.0,
valentino,3,3,0,0,0,0,0.00,0.0,
value,4,4,0,0,0,0,0.00,0.0,
vans,14,13,0,0,1,9756,97.56,0.076923,
vardoven,2,2,0,0,0,0,0.00,0.0,
varta,138,137,0,0,1,8494,84.94,0.007299,
vasin,1,1,0,0,0,0,0.00,0.0,
vaude,5,5,0,0,0,0,0.00,0.0,
vectron,11,11,0,0,0,0,0.00,0.0,
vega,471,471,0,0,0,0,0.00,0.0,
vegas,378,373,0,0,5,93592,935.92,0.013405,
veho,39,39,0,0,0,0,0.00,0.0,
venta,7,7,0,0,0,0,0.00,0.0,
ventara,13,13,0,0,0,0,0.00,0.0,
venti,3,3,0,0,0,0,0.00,0.0,
ventura,2,1,0,0,1,57917,579.17,1.0,
verbatim,12,12,0,0,0,0,0.00,0.0,
verdi,1,1,0,0,0,0,0.00,0.0,
verico,1,1,0,0,0,0,0.00,0.0,
veritas,10,10,0,0,0,0,0.00,0.0,
verloni,39,38,1,0,0,0,0.00,0.0,0.0
verossa,5,5,0,0,0,0,0.00,0.0,
versace,254,251,1,0,2,13497,134.97,0.007968,2.0
versus,1,1,0,0,0,0,0.00,0.0,
vertex,12,12,0,0,0,0,0.00,0.0,
ves,9,9,0,0,0,0,0.00,0.0,
vestel,28,27,0,0,1,41686,416.86,0.037037,
veston,54,53,0,0,1,3604,36.04,0.018868,
viatti,929,895,7,0,27,121136,1211.36,0.030168,3.857143
vibe,5,5,0,0,0,0,0.00,0.0,
vichy,73,71,0,0,2,4118,41.18,0.028169,
victorinox,20,19,0,0,1,1931,19.31,0.052632,
viessmann,4,4,0,0,0,0,0.00,0.0,
viewsonic,19,19,0,0,0,0,0.00,0.0,
vihr,31,31,0,0,0,0,0.00,0.0,
viking,20,20,0,0,0,0,0.00,0.0,
vinzer,67,66,1,0,0,0,0.00,0.0,0.0
vip,1,1,0,0,0,0,0.00,0.0,
vipe,9,9,0,0,0,0,0.00,0.0,
vissol,1,1,0,0,0,0,0.00,0.0,
vitaluce,3,3,0,0,0,0,0.00,0.0,
vitebskiekovry,11,11,0,0,0,0,0.00,0.0,
vitek,2448,2348,59,0,41,195473,1954.73,0.017462,0.694915
vitelia,1,1,0,0,0,0,0.00,0.0,
vitra,2,2,0,0,0,0,0.00,0.0,
viviennesabo,3,3,0,0,0,0,0.00,0.0,
vivitek,6,6,0,0,0,0,0.00,0.0,
vivo,1108,1056,27,0,25,542474,5424.74,0.023674,0.925926
vladi,32,32,0,0,0,0,0.00,0.0,
vlk,3,3,0,0,0,0,0.00,0.0,
vmv,1,1,0,0,0,0,0.00,0.0,
vobix,1,1,0,0,0,0,0.00,0.0,
volcano,3,3,0,0,0,0,0.00,0.0,
volkl,2,2,0,0,0,0,0.00,0.0,
volta,66,64,0,0,2,10142,101.42,0.03125,
voltman,52,48,0,0,4,41851,418.51,0.083333,
voltmaster,3,3,0,0,0,0,0.00,0.0,
vossen,11,11,0,0,0,0,0.00,0.0,
vtech,10,10,0,0,0,0,0.00,0.0,
vulli,4,4,0,0,0,0,0.00,0.0,
w-star,3,3,0,0,0,0,0.00,0.0,
wacom,81,76,3,0,2,45018,450.18,0.026316,0.666667
wagner,22,22,0,0,0,0,0.00,0.0,
wahl,10,10,0,0,0,0,0.00,0.0,
walfix,22,22,0,0,0,0,0.00,0.0,
wallberry,37,37,0,0,0,0,0.00,0.0,
wangfeng,1,1,0,0,0,0,0.00,0.0,
waspo,8,8,0,0,0,0,0.00,0.0,
waterpik,8,8,0,0,0,0,0.00,0.0,
weekend,118,118,0,0,0,0,0.00,0.0,
wehncke,3,3,0,0,0,0,0.00,0.0,
weichao,1,1,0,0,0,0,0.00,0.0,
weifeng,18,18,0,0,0,0,0.00,0.0,
weina,1,1,0,0,0,0,0.00,0.0,
wellberg,42,41,0,0,1,1799,17.99,0.02439,
welly,132,130,0,0,2,1184,11.84,0.015385,
welss,38,37,0,0,1,9007,90.07,0.027027,
wenge,40,38,0,0,2,4582,45.82,0.052632,
wera,75,75,0,0,0,0,0.00,0.0,
wert,2,2,0,0,0,0,0.00,0.0,
wess,6,6,0,0,0,0,0.00,0.0,
westa,12,12,0,0,0,0,0.00,0.0,
wester,1,1,0,0,0,0,0.00,0.0,
westerndigital,1,1,0,0,0,0,0.00,0.0,
wethepeople,21,21,0,0,0,0,0.00,0.0,
whirlpool,71,71,0,0,0,0,0.00,0.0,
whistler,5,4,0,0,1,4891,48.91,0.25,
willmark,180,177,0,0,3,7082,70.82,0.016949,
wilo,5,5,0,0,0,0,0.00,0.0,
wilson,3,3,0,0,0,0,0.00,0.0,
winca,44,44,0,0,0,0,0.00,0.0,
wincars,10,9,0,0,1,4270,42.70,0.111111,
wingo,4,4,0,0,0,0,0.00,0.0,
wingoffly,202,197,2,0,3,34589,345.89,0.015228,1.5
wintek,2,2,0,0,0,0,0.00,0.0,
withings,5,5,0,0,0,0,0.00,0.0,
wk,5,5,0,0,0,0,0.00,0.0,
woddon,5,5,0,0,0,0,0.00,0.0,
wonderlab,12,12,0,0,0,0,0.00,0.0,
wonlex,350,342,3,0,5,19741,197.41,0.01462,1.666667
wortex,16,16,0,0,0,0,0.00,0.0,
wowwee,4,4,0,0,0,0,0.00,0.0,
wster,20,20,0,0,0,0,0.00,0.0,
wtflabz,1,1,0,0,0,0,0.00,0.0,
wurth,11,11,0,0,0,0,0.00,0.0,
wuw,16,16,0,0,0,0,0.00,0.0,
ww,3,3,0,0,0,0,0.00,0.0,
x-game,173,170,2,0,1,821,8.21,0.005882,0.5
x-level,23,23,0,0,0,0,0.00,0.0,
x-race,7,7,0,0,0,0,0.00,0.0,
xerox,53,51,0,0,2,18996,189.96,0.039216,
xgimi,12,12,0,0,0,0,0.00,0.0,
xiaomi,30967,29374,1029,0,564,9109962,91099.62,0.019201,0.548105
xieming,1,1,0,0,0,0,0.00,0.0,
xing,37,37,0,0,0,0,0.00,0.0,
xinyu,5,5,0,0,0,0,0.00,0.0,
xp-pen,17,16,0,0,1,14389,143.89,0.0625,
xxr,11,11,0,0,0,0,0.00,0.0,
yacco,31,31,0,0,0,0,0.00,0.0,
yamaguchi,4,4,0,0,0,0,0.00,0.0,
yamaha,376,368,0,0,8,441719,4417.19,0.021739,
yamato,15,15,0,0,0,0,0.00,0.0,
yaole,1,1,0,0,0,0,0.00,0.0,
yasin,434,427,0,0,7,155641,1556.41,0.016393,
yato,43,43,0,0,0,0,0.00,0.0,
yegam,1,1,0,0,0,0,0.00,0.0,
yema,45,45,0,0,0,0,0.00,0.0,
yh,4,4,0,0,0,0,0.00,0.0,
yika,5,5,0,0,0,0,0.00,0.0,
yokatta,3,3,0,0,0,0,0.00,0.0,
yokohama,1098,1061,17,0,20,172284,1722.84,0.01885,1.176471
yota,1,0,0,0,1,2574,25.74,,
yotrix,3,3,0,0,0,0,0.00,0.0,
yoya,36,36,0,0,0,0,0.00,0.0,
yuandong,3,2,0,0,1,35329,353.29,0.5,
yulu,2,2,0,0,0,0,0.00,0.0,
yunteng,11,10,0,0,1,5663,56.63,0.1,
yvesrocher,1,1,0,0,0,0,0.00,0.0,
zadoor,1,1,0,0,0,0,0.00,0.0,
zalman,20,20,0,0,0,0,0.00,0.0,
zanussi,37,36,0,0,1,14927,149.27,0.027778,
zapco,5,4,0,0,1,30889,308.89,0.25,
zara,1,1,0,0,0,0,0.00,0.0,
zarkoperfume,1,1,0,0,0,0,0.00,0.0,
zass,1,1,0,0,0,0,0.00,0.0,
zebratoys,13,13,0,0,0,0,0.00,0.0,
zeetex,10,10,0,0,0,0,0.00,0.0,
zegan,1,1,0,0,0,0,0.00,0.0,
zelmer,60,59,0,0,1,4502,45.02,0.016949,
zemex,25,25,0,0,0,0,0.00,0.0,
zengen,6,6,0,0,0,0,0.00,0.0,
zeppelin,36,35,0,0,1,3784,37.84,0.028571,
zerten,1,1,0,0,0,0,0.00,0.0,
zeta,706,682,15,0,9,70080,700.80,0.013196,0.6
zfts,2,2,0,0,0,0,0.00,0.0,
zic,12,12,0,0,0,0,0.00,0.0,
zilmer,3,3,0,0,0,0,0.00,0.0,
zinc,2,2,0,0,0,0,0.00,0.0,
zing,3,3,0,0,0,0,0.00,0.0,
zinvo,2,2,0,0,0,0,0.00,0.0,
zlatek,101,97,2,0,2,4885,48.85,0.020619,1.0
zongshen,3,2,0,0,1,40650,406.50,0.5,
zoom,3,3,0,0,0,0,0.00,0.0,
zotac,3,3,0,0,0,0,0.00,0.0,
zte,101,98,1,0,2,15440,154.40,0.020408,2.0
zubr,9,8,0,0,1,4556,45.56,0.125,
zuru,1,1,0,0,0,0,0.00,0.0,
zyxel,1,1,0,0,0,0,0.00,0.0,
