event_date,event_hour,events,views,carts,removes,purchases,revenue_minor,revenue,distinct_users
2019-10-01,0,7,7,0,0,0,0,0.00,7
2019-10-01,2,233,223,1,0,9,233550,2335.50,219
2019-10-01,3,505,491,5,0,9,244623,2446.23,487
2019-10-01,4,567,544,12,0,11,384038,3840.38,534
2019-10-01,5,671,653,7,0,11,483929,4839.29,627
2019-10-01,6,668,646,10,0,12,244396,2443.96,627
2019-10-01,7,681,661,10,0,10,112937,1129.37,650
2019-10-01,8,729,694,16,0,19,609705,6097.05,693
2019-10-01,9,696,674,8,0,14,489440,4894.40,660
2019-10-01,10,643,617,11,0,15,263710,2637.10,604
2019-10-01,11,611,590,7,0,14,484641,4846.41,573
2019-10-01,12,656,636,12,0,8,229629,2296.29,614
2019-10-01,13,657,644,6,0,7,194020,1940.20,624
2019-10-01,14,783,770,6,0,7,261461,2614.61,734
2019-10-01,15,893,876,8,0,9,517669,5176.69,843
2019-10-01,16,971,952,6,0,13,631484,6314.84,910
2019-10-01,17,852,838,9,0,5,134635,1346.35,786
2019-10-01,18,636,623,5,0,8,341453,3414.53,593
2019-10-01,19,382,375,2,0,5,101053,1010.53,358
2019-10-01,20,196,191,2,0,3,32172,321.72,180
2019-10-01,21,127,125,0,0,2,113747,1137.47,110
2019-10-01,22,67,64,1,0,2,38609,386.09,62
2019-10-01,23,64,62,2,0,0,0,0.00,61
2019-10-02,0,125,122,0,0,3,30706,307.06,115
2019-10-02,1,179,177,0,0,2,71448,714.48,173
2019-10-02,2,339,327,6,0,6,170634,1706.34,315
2019-10-02,3,411,397,8,0,6,130490,1304.90,389
2019-10-02,4,541,522,7,0,12,443766,4437.66,510
2019-10-02,5,609,583,5,0,21,632344,6323.44,563
2019-10-02,6,640,600,23,0,17,704028,7040.28,612
2019-10-02,7,644,618,10,0,16,387220,3872.20,608
2019-10-02,8,658,637,10,0,11,303230,3032.30,628
2019-10-02,9,686,657,14,0,15,542961,5429.61,644
2019-10-02,10,679,654,11,0,14,662651,6626.51,640
2019-10-02,11,608,588,10,0,10,409636,4096.36,583
2019-10-02,12,567,551,9,0,7,150990,1509.90,546
2019-10-02,13,635,619,9,0,7,219653,2196.53,602
2019-10-02,14,737,723,10,0,4,40374,403.74,697
2019-10-02,15,866,837,15,0,14,572405,5724.05,804
2019-10-02,16,864,848,5,0,11,232550,2325.50,801
2019-10-02,17,749,735,6,0,8,152274,1522.74,694
2019-10-02,18,579,565,6,0,8,283462,2834.62,538
2019-10-02,19,326,317,6,0,3,109189,1091.89,306
2019-10-02,20,184,182,1,0,1,3321,33.21,176
2019-10-02,21,119,115,2,0,2,90207,902.07,106
2019-10-02,22,71,69,2,0,0,0,0.00,66
2019-10-02,23,61,61,0,0,0,0,0.00,57
2019-10-03,0,104,100,3,0,1,37041,370.41,100
2019-10-03,1,99,96,3,0,0,0,0.00,96
2019-10-03,2,278,272,4,0,2,31018,310.18,265
2019-10-03,3,435,415,8,0,12,627934,6279.34,410
2019-10-03,4,513,505,2,0,6,113069,1130.69,479
2019-10-03,5,593,567,12,0,14,288943,2889.43,555
2019-10-03,6,589,569,13,0,7,242854,2428.54,557
2019-10-03,7,608,577,19,0,12,348947,3489.47,577
2019-10-03,8,610,587,7,0,16,620035,6200.35,581
2019-10-03,9,618,593,8,0,17,454598,4545.98,599
2019-10-03,10,530,512,8,0,10,301237,3012.37,500
2019-10-03,11,545,510,19,0,16,730976,7309.76,509
2019-10-03,12,516,498,12,0,6,111225,1112.25,490
2019-10-03,13,573,542,16,0,15,446324,4463.24,541
2019-10-03,14,653,631,8,0,14,332225,3322.25,625
2019-10-03,15,856,846,3,0,7,226711,2267.11,802
2019-10-03,16,874,851,13,0,10,422104,4221.04,809
2019-10-03,17,736,724,5,0,7,345963,3459.63,697
2019-10-03,18,647,631,12,0,4,65443,654.43,597
2019-10-03,19,400,385,7,0,8,295148,2951.48,363
2019-10-03,20,197,191,4,0,2,21847,218.47,180
2019-10-03,21,117,114,3,0,0,0,0.00,110
2019-10-03,22,77,76,0,0,1,6795,67.95,71
2019-10-03,23,56,53,1,0,2,98346,983.46,50
2019-10-04,0,104,104,0,0,0,0,0.00,103
2019-10-04,1,176,172,1,0,3,49904,499.04,173
2019-10-04,2,269,251,10,0,8,221828,2218.28,257
2019-10-04,3,573,546,18,0,9,304529,3045.29,543
2019-10-04,4,617,586,21,0,10,168323,1683.23,580
2019-10-04,5,633,605,13,0,15,325543,3255.43,603
2019-10-04,6,690,648,20,0,22,728535,7285.35,661
2019-10-04,7,705,674,17,0,14,434489,4344.89,670
2019-10-04,8,724,679,29,0,16,440891,4408.91,678
2019-10-04,9,901,834,40,0,27,1059605,10596.05,853
2019-10-04,10,822,768,34,0,20,944370,9443.70,787
2019-10-04,11,831,792,26,0,13,337501,3375.01,786
2019-10-04,12,852,789,34,0,29,735219,7352.19,810
2019-10-04,13,888,844,29,0,15,408285,4082.85,840
2019-10-04,14,912,882,20,0,10,153587,1535.87,862
2019-10-04,15,907,876,19,0,12,416877,4168.77,864
2019-10-04,16,1038,1004,23,0,11,332636,3326.36,968
2019-10-04,17,917,893,15,0,9,144336,1443.36,859
2019-10-04,18,618,596,16,0,6,302753,3027.53,584
2019-10-04,19,413,399,7,0,7,188127,1881.27,388
2019-10-04,20,231,226,3,0,2,69396,693.96,217
2019-10-04,21,136,133,1,0,2,35234,352.34,128
2019-10-04,22,80,79,0,0,1,4299,42.99,78
2019-10-04,23,69,67,2,0,0,0,0.00,61
2019-10-05,0,103,99,0,0,4,165595,1655.95,96
2019-10-05,1,217,205,9,0,3,36137,361.37,209
2019-10-05,2,356,345,7,0,4,42703,427.03,339
2019-10-05,3,465,445,11,0,9,253306,2533.06,438
2019-10-05,4,608,574,16,0,18,398075,3980.75,570
2019-10-05,5,652,612,24,0,16,429818,4298.18,615
2019-10-05,6,756,716,28,0,12,272615,2726.15,723
2019-10-05,7,702,653,32,0,17,348672,3486.72,665
2019-10-05,8,781,726,32,0,23,845125,8451.25,725
2019-10-05,9,707,661,26,0,20,541393,5413.93,671
2019-10-05,10,671,633,27,0,11,306264,3062.64,642
2019-10-05,11,702,654,18,0,30,775884,7758.84,663
2019-10-05,12,621,597,14,0,10,454058,4540.58,595
2019-10-05,13,675,643,20,0,12,403281,4032.81,642
2019-10-05,14,778,744,22,0,12,370581,3705.81,734
2019-10-05,15,822,787,20,0,15,377617,3776.17,774
2019-10-05,16,868,844,20,0,4,123103,1231.03,802
2019-10-05,17,846,832,13,0,1,17405,174.05,792
2019-10-05,18,689,663,16,0,10,483471,4834.71,647
2019-10-05,19,460,444,11,0,5,191422,1914.22,424
2019-10-05,20,302,294,4,0,4,29197,291.97,280
2019-10-05,21,165,158,1,0,6,230102,2301.02,157
2019-10-05,22,117,115,1,0,1,7980,79.80,104
2019-10-05,23,83,78,4,0,1,8312,83.12,80
2019-10-06,0,78,74,3,0,1,73026,730.26,72
2019-10-06,1,185,181,3,0,1,23059,230.59,169
2019-10-06,2,306,296,5,0,5,180791,1807.91,289
2019-10-06,3,379,366,8,0,5,165414,1654.14,350
2019-10-06,4,622,592,13,0,17,502171,5021.71,591
2019-10-06,5,615,570,24,0,21,604118,6041.18,582
2019-10-06,6,732,697,20,0,15,453315,4533.15,689
2019-10-06,7,780,744,22,0,14,363946,3639.46,737
2019-10-06,8,742,696,27,0,19,735231,7352.31,704
2019-10-06,9,803,750,29,0,24,977127,9771.27,747
2019-10-06,10,757,718,19,0,20,403393,4033.93,726
2019-10-06,11,714,676,25,0,13,355646,3556.46,682
2019-10-06,12,718,682,21,0,15,295326,2953.26,675
2019-10-06,13,735,718,10,0,7,96899,968.99,687
2019-10-06,14,819,786,18,0,15,610601,6106.01,773
2019-10-06,15,918,890,18,0,10,264769,2647.69,861
2019-10-06,16,991,961,16,0,14,444157,4441.57,927
2019-10-06,17,814,787,17,0,10,400254,4002.54,774
2019-10-06,18,624,610,3,0,11,259240,2592.40,592
2019-10-06,19,357,348,5,0,4,80664,806.64,344
2019-10-06,20,223,217,3,0,3,52905,529.05,200
2019-10-06,21,136,131,1,0,4,95002,950.02,125
2019-10-06,22,105,103,0,0,2,9830,98.30,96
2019-10-06,23,75,74,0,0,1,79822,798.22,69
2019-10-07,0,89,89,0,0,0,0,0.00,83
2019-10-07,1,185,183,1,0,1,23063,230.63,179
2019-10-07,2,341,335,2,0,4,56460,564.60,319
2019-10-07,3,437,430,2,0,5,166633,1666.33,419
2019-10-07,4,551,527,16,0,8,136075,1360.75,523
2019-10-07,5,580,557,10,0,13,387387,3873.87,554
2019-10-07,6,605,576,15,0,14,473515,4735.15,577
2019-10-07,7,663,627,14,0,22,508949,5089.49,621
2019-10-07,8,725,696,12,0,17,606929,6069.29,689
2019-10-07,9,632,613,12,0,7,252342,2523.42,602
2019-10-07,10,633,609,12,0,12,343729,3437.29,598
2019-10-07,11,593,571,13,0,9,362617,3626.17,570
2019-10-07,12,557,532,9,0,16,522896,5228.96,537
2019-10-07,13,640,615,12,0,13,404663,4046.63,613
2019-10-07,14,762,745,7,0,10,192569,1925.69,711
2019-10-07,15,905,877,14,0,14,277565,2775.65,853
2019-10-07,16,875,852,14,0,9,144152,1441.52,807
2019-10-07,17,816,797,9,0,10,263003,2630.03,761
2019-10-07,18,530,518,4,0,8,263126,2631.26,510
2019-10-07,19,373,366,3,0,4,124070,1240.70,341
2019-10-07,20,201,194,2,0,5,206377,2063.77,191
2019-10-07,21,107,104,0,0,3,311521,3115.21,102
2019-10-07,22,69,66,1,0,2,79976,799.76,63
2019-10-07,23,66,65,1,0,0,0,0.00,60
2019-10-08,0,105,104,1,0,0,0,0.00,99
2019-10-08,1,227,224,0,0,3,42035,420.35,216
2019-10-08,2,317,307,5,0,5,182455,1824.55,294
2019-10-08,3,430,414,6,0,10,405865,4058.65,415
2019-10-08,4,581,559,9,0,13,471588,4715.88,548
2019-10-08,5,659,631,10,0,18,370714,3707.14,625
2019-10-08,6,702,678,13,0,11,236786,2367.86,668
2019-10-08,7,826,801,7,0,18,535284,5352.84,784
2019-10-08,8,794,762,17,0,15,497328,4973.28,755
2019-10-08,9,807,773,14,0,20,564860,5648.60,769
2019-10-08,10,728,700,14,0,14,648871,6488.71,690
2019-10-08,11,729,706,10,0,13,511207,5112.07,693
2019-10-08,12,708,679,16,0,13,671060,6710.60,682
2019-10-08,13,868,842,16,0,10,248165,2481.65,823
2019-10-08,14,886,867,7,0,12,332162,3321.62,843
2019-10-08,15,970,952,7,0,11,186691,1866.91,911
2019-10-08,16,973,953,7,0,13,143101,1431.01,917
2019-10-08,17,883,871,2,0,10,174944,1749.44,834
2019-10-08,18,638,629,2,0,7,129294,1292.94,594
2019-10-08,19,410,404,1,0,5,83177,831.77,377
2019-10-08,20,190,187,1,0,2,81079,810.79,174
2019-10-08,21,128,126,1,0,1,1754,17.54,116
2019-10-08,22,75,72,1,0,2,78714,787.14,68
2019-10-08,23,66,65,0,0,1,23936,239.36,63
2019-10-09,0,121,117,1,0,3,147441,1474.41,114
2019-10-09,1,220,216,2,0,2,52422,524.22,200
2019-10-09,2,359,354,2,0,3,43962,439.62,339
2019-10-09,3,525,509,8,0,8,352763,3527.63,497
2019-10-09,4,598,570,11,0,17,473501,4735.01,570
2019-10-09,5,739,715,14,0,10,433789,4337.89,688
2019-10-09,6,747,711,18,0,18,522638,5226.38,707
2019-10-09,7,729,698,20,0,11,341328,3413.28,693
2019-10-09,8,781,743,22,0,16,458671,4586.71,739
2019-10-09,9,772,735,17,0,20,657634,6576.34,724
2019-10-09,10,727,707,6,0,14,516154,5161.54,690
2019-10-09,11,723,699,9,0,15,659626,6596.26,690
2019-10-09,12,681,655,13,0,13,568260,5682.60,638
2019-10-09,13,712,699,7,0,6,86130,861.30,673
2019-10-09,14,818,794,11,0,13,355023,3550.23,767
2019-10-09,15,993,969,11,0,13,454815,4548.15,924
2019-10-09,16,924,909,9,0,6,181399,1813.99,879
2019-10-09,17,837,825,7,0,5,49247,492.47,769
2019-10-09,18,661,648,7,0,6,329630,3296.30,610
2019-10-09,19,369,364,4,0,1,58183,581.83,337
2019-10-09,20,234,223,3,0,8,123102,1231.02,219
2019-10-09,21,123,121,0,0,2,162439,1624.39,117
2019-10-09,22,88,86,1,0,1,3732,37.32,80
2019-10-09,23,82,81,0,0,1,7027,70.27,79
2019-10-10,0,122,120,1,0,1,6433,64.33,116
2019-10-10,1,181,178,0,0,3,265779,2657.79,172
2019-10-10,2,352,348,2,0,2,23737,237.37,339
2019-10-10,3,494,482,1,0,11,325062,3250.62,467
2019-10-10,4,692,664,16,0,12,568781,5687.81,652
2019-10-10,5,645,617,14,0,14,710429,7104.29,616
2019-10-10,6,666,637,8,0,21,296733,2967.33,630
2019-10-10,7,732,700,17,0,15,349453,3494.53,690
2019-10-10,8,725,686,18,0,21,635583,6355.83,692
2019-10-10,9,690,656,11,0,23,784764,7847.64,650
2019-10-10,10,653,632,13,0,8,123475,1234.75,622
2019-10-10,11,616,599,6,0,11,468205,4682.05,585
2019-10-10,12,588,566,10,0,12,466416,4664.16,559
2019-10-10,13,658,626,18,0,14,323335,3233.35,631
2019-10-10,14,785,765,11,0,9,120260,1202.60,729
2019-10-10,15,941,912,10,0,19,538935,5389.35,878
2019-10-10,16,928,914,6,0,8,334562,3345.62,880
2019-10-10,17,911,893,10,0,8,250989,2509.89,849
2019-10-10,18,679,658,9,0,12,162766,1627.66,626
2019-10-10,19,439,432,2,0,5,65588,655.88,405
2019-10-10,20,235,229,4,0,2,14590,145.90,220
2019-10-10,21,177,170,1,0,6,224096,2240.96,165
2019-10-10,22,104,101,0,0,3,59823,598.23,97
2019-10-10,23,77,73,2,0,2,58830,588.30,70
2019-10-11,0,126,125,0,0,1,3601,36.01,120
2019-10-11,1,256,251,4,0,1,4736,47.36,245
2019-10-11,2,355,347,5,0,3,54556,545.56,333
2019-10-11,3,565,537,13,0,15,430566,4305.66,543
2019-10-11,4,685,659,10,0,16,635474,6354.74,656
2019-10-11,5,843,799,22,0,22,468215,4682.15,800
2019-10-11,6,816,785,15,0,16,717591,7175.91,773
2019-10-11,7,827,780,21,0,26,662974,6629.74,780
2019-10-11,8,850,814,13,0,23,602204,6022.04,806
2019-10-11,9,862,816,21,0,25,870805,8708.05,826
2019-10-11,10,817,794,14,0,9,306369,3063.69,776
2019-10-11,11,808,787,12,0,9,79386,793.86,764
2019-10-11,12,722,699,14,0,9,221065,2210.65,694
2019-10-11,13,870,840,20,0,10,126442,1264.42,830
2019-10-11,14,1032,1008,10,0,14,319376,3193.76,958
2019-10-11,15,1013,994,11,0,8,136892,1368.92,947
2019-10-11,16,1008,980,11,0,17,748347,7483.47,933
2019-10-11,17,907,887,9,0,11,291026,2910.26,855
2019-10-11,18,712,701,2,0,9,317415,3174.15,645
2019-10-11,19,458,447,8,0,3,20251,202.51,419
2019-10-11,20,250,247,2,0,1,6126,61.26,219
2019-10-11,21,141,137,2,0,2,194467,1944.67,132
2019-10-11,22,101,98,3,0,0,0,0.00,92
2019-10-11,23,82,78,1,0,3,210301,2103.01,77
2019-10-12,0,113,112,0,0,1,100385,1003.85,109
2019-10-12,1,185,181,1,0,3,47422,474.22,178
2019-10-12,2,400,388,9,0,3,29118,291.18,384
2019-10-12,3,581,556,14,0,11,486443,4864.43,554
2019-10-12,4,712,683,15,0,14,553617,5536.17,672
2019-10-12,5,792,761,12,0,19,680612,6806.12,733
2019-10-12,6,791,762,13,0,16,578039,5780.39,762
2019-10-12,7,867,825,18,0,24,703434,7034.34,817
2019-10-12,8,758,728,9,0,21,381343,3813.43,720
2019-10-12,9,766,736,12,0,18,643883,6438.83,730
2019-10-12,10,762,730,15,0,17,403989,4039.89,721
2019-10-12,11,790,755,13,0,22,561722,5617.22,749
2019-10-12,12,779,741,14,0,24,865768,8657.68,729
2019-10-12,13,766,739,17,0,10,305915,3059.15,733
2019-10-12,14,878,857,7,0,14,324785,3247.85,836
2019-10-12,15,962,941,9,0,12,332854,3328.54,894
2019-10-12,16,1009,982,11,0,16,250550,2505.50,943
2019-10-12,17,895,875,8,0,12,615307,6153.07,841
2019-10-12,18,693,675,9,0,9,482197,4821.97,649
2019-10-12,19,470,461,4,0,5,270396,2703.96,446
2019-10-12,20,272,267,2,0,3,252382,2523.82,246
2019-10-12,21,187,185,0,0,2,44549,445.49,163
2019-10-12,22,117,116,1,0,0,0,0.00,105
2019-10-12,23,88,87,1,0,0,0,0.00,85
2019-10-13,0,106,102,3,0,1,25084,250.84,100
2019-10-13,1,164,162,1,0,1,7980,79.80,154
2019-10-13,2,408,400,4,0,4,43316,433.16,383
2019-10-13,3,540,518,4,0,18,434152,4341.52,510
2019-10-13,4,716,692,9,0,15,402218,4022.18,656
2019-10-13,5,770,740,12,0,18,614810,6148.10,732
2019-10-13,6,811,777,13,0,21,569921,5699.21,776
2019-10-13,7,1053,1018,15,0,20,600222,6002.22,989
2019-10-13,8,1081,1034,19,0,28,732605,7326.05,1009
2019-10-13,9,1100,1050,20,0,30,536334,5363.34,1032
2019-10-13,10,1179,1129,20,0,30,822082,8220.82,1117
2019-10-13,11,908,880,15,0,13,416402,4164.02,854
2019-10-13,12,802,773,14,0,15,353910,3539.10,755
2019-10-13,13,927,896,15,0,16,270938,2709.38,873
2019-10-13,14,924,905,7,0,12,178751,1787.51,871
2019-10-13,15,1039,1016,10,0,13,428613,4286.13,970
2019-10-13,16,1032,1011,10,0,11,172975,1729.75,977
2019-10-13,17,1038,1007,15,0,16,550557,5505.57,956
2019-10-13,18,747,728,14,0,5,152884,1528.84,704
2019-10-13,19,470,456,8,0,6,165686,1656.86,435
2019-10-13,20,285,275,7,0,3,51158,511.58,259
2019-10-13,21,174,168,5,0,1,11581,115.81,162
2019-10-13,22,84,80,3,0,1,7205,72.05,73
2019-10-13,23,66,65,0,0,1,114877,1148.77,59
2019-10-14,0,105,101,3,0,1,27742,277.42,99
2019-10-14,1,209,199,8,0,2,107828,1078.28,196
2019-10-14,2,353,338,10,0,5,154075,1540.75,336
2019-10-14,3,565,536,18,0,11,376768,3767.68,524
2019-10-14,4,684,642,25,0,17,566505,5665.05,656
2019-10-14,5,736,688,28,0,20,931123,9311.23,683
2019-10-14,6,740,695,34,0,11,333599,3335.99,696
2019-10-14,7,791,735,34,0,22,536990,5369.90,746
2019-10-14,8,812,754,31,0,27,891684,8916.84,775
2019-10-14,9,813,754,33,0,26,488617,4886.17,783
2019-10-14,10,758,709,31,0,18,406299,4062.99,710
2019-10-14,11,702,667,25,0,10,500142,5001.42,670
2019-10-14,12,675,625,35,0,15,791182,7911.82,647
2019-10-14,13,774,730,26,0,18,708064,7080.64,733
2019-10-14,14,957,919,24,0,14,672965,6729.65,901
2019-10-14,15,1085,1039,28,0,18,723514,7235.14,1006
2019-10-14,16,1119,1082,23,0,14,494558,4945.58,1031
2019-10-14,17,945,914,21,0,10,307113,3071.13,888
2019-10-14,18,703,683,13,0,7,190393,1903.93,636
2019-10-14,19,451,431,17,0,3,337614,3376.14,415
2019-10-14,20,233,219,9,0,5,373510,3735.10,210
2019-10-14,21,155,149,4,0,2,93401,934.01,141
2019-10-14,22,83,77,5,0,1,22999,229.99,75
2019-10-14,23,58,58,0,0,0,0,0.00,50
2019-10-15,0,100,95,3,0,2,41071,410.71,94
2019-10-15,1,192,188,4,0,0,0,0.00,186
2019-10-15,2,383,369,8,0,6,210326,2103.26,359
2019-10-15,3,529,499,18,0,12,282795,2827.95,503
2019-10-15,4,692,650,27,0,15,369235,3692.35,656
2019-10-15,5,701,663,20,0,18,596093,5960.93,661
2019-10-15,6,821,761,34,0,26,931515,9315.15,775
2019-10-15,7,867,815,28,0,24,732433,7324.33,823
2019-10-15,8,851,806,27,0,18,583250,5832.50,791
2019-10-15,9,915,858,38,0,19,527152,5271.52,865
2019-10-15,10,867,817,41,0,9,541125,5411.25,827
2019-10-15,11,772,730,32,0,10,269575,2695.75,732
2019-10-15,12,793,741,40,0,12,306517,3065.17,754
2019-10-15,13,933,872,48,0,13,414590,4145.90,870
2019-10-15,14,997,964,25,0,8,302625,3026.25,942
2019-10-15,15,1097,1053,29,0,15,615124,6151.24,1029
2019-10-15,16,1130,1093,23,0,14,311856,3118.56,1059
2019-10-15,17,930,900,23,0,7,354283,3542.83,855
2019-10-15,18,699,668,20,0,11,321154,3211.54,655
2019-10-15,19,483,463,14,0,6,386787,3867.87,460
2019-10-15,20,206,199,4,0,3,25347,253.47,191
2019-10-15,21,126,119,4,0,3,114025,1140.25,115
2019-10-15,22,68,68,0,0,0,0,0.00,61
2019-10-15,23,85,81,1,0,3,57638,576.38,77
2019-10-16,0,117,113,2,0,2,8113,81.13,111
2019-10-16,1,242,233,4,0,5,314195,3141.95,224
2019-10-16,2,358,345,5,0,8,318836,3188.36,337
2019-10-16,3,576,546,21,0,9,510080,5100.80,541
2019-10-16,4,670,627,28,0,15,589728,5897.28,631
2019-10-16,5,725,680,28,0,17,672022,6720.22,693
2019-10-16,6,799,747,26,0,26,799017,7990.17,755
2019-10-16,7,874,821,33,0,20,631386,6313.86,829
2019-10-16,8,919,862,37,0,20,650214,6502.14,875
2019-10-16,9,898,839,35,0,24,1028112,10281.12,852
2019-10-16,10,855,800,32,0,23,790517,7905.17,808
2019-10-16,11,806,748,36,0,22,593443,5934.43,766
2019-10-16,12,783,745,22,0,16,273962,2739.62,740
2019-10-16,13,897,862,25,0,10,451617,4516.17,838
2019-10-16,14,961,919,28,0,14,400413,4004.13,896
2019-10-16,15,1095,1059,25,0,11,281435,2814.35,1035
2019-10-16,16,1036,998,25,0,13,391952,3919.52,978
2019-10-16,17,985,948,23,0,14,464147,4641.47,912
2019-10-16,18,725,703,15,0,7,180049,1800.49,666
2019-10-16,19,454,444,7,0,3,128290,1282.90,418
2019-10-16,20,201,192,6,0,3,95310,953.10,194
2019-10-16,21,151,146,5,0,0,0,0.00,141
2019-10-16,22,75,74,1,0,0,0,0.00,70
2019-10-16,23,61,61,0,0,0,0,0.00,58
2019-10-17,0,101,98,2,0,1,17217,172.17,90
2019-10-17,1,115,111,2,0,2,30990,309.90,112
2019-10-17,2,368,352,9,0,7,302637,3026.37,353
2019-10-17,3,538,517,12,0,9,173998,1739.98,508
2019-10-17,4,629,588,21,0,20,739202,7392.02,591
2019-10-17,5,714,666,28,0,20,681201,6812.01,675
2019-10-17,6,731,687,23,0,21,1024514,10245.14,701
2019-10-17,7,791,738,31,0,22,603217,6032.17,752
2019-10-17,8,753,709,29,0,15,762119,7621.19,722
2019-10-17,9,800,754,32,0,14,377732,3777.32,756
2019-10-17,10,720,679,26,0,15,557088,5570.88,685
2019-10-17,11,780,739,27,0,14,505222,5052.22,736
2019-10-17,12,671,636,23,0,12,260501,2605.01,632
2019-10-17,13,794,761,17,0,16,397910,3979.10,748
2019-10-17,14,931,889,27,0,15,565639,5656.39,887
2019-10-17,15,1019,976,31,0,12,546648,5466.48,961
2019-10-17,16,964,934,19,0,11,608055,6080.55,905
2019-10-17,17,877,845,23,0,9,269344,2693.44,816
2019-10-17,18,633,623,6,0,4,34047,340.47,606
2019-10-17,19,440,426,6,0,8,216233,2162.33,400
2019-10-17,20,228,215,10,0,3,70836,708.36,209
2019-10-17,21,119,115,2,0,2,21902,219.02,111
2019-10-17,22,92,87,3,0,2,66013,660.13,85
2019-10-17,23,90,89,0,0,1,32150,321.50,82
2019-10-18,0,98,95,2,0,1,3938,39.38,93
2019-10-18,1,86,85,1,0,0,0,0.00,80
2019-10-18,2,411,392,12,0,7,237495,2374.95,383
2019-10-18,3,524,499,15,0,10,128056,1280.56,501
2019-10-18,4,625,596,22,0,7,148761,1487.61,596
2019-10-18,5,713,672,23,0,18,488297,4882.97,676
2019-10-18,6,789,728,39,0,22,719960,7199.60,747
2019-10-18,7,784,746,26,0,12,522296,5222.96,750
2019-10-18,8,797,745,31,0,21,622786,6227.86,768
2019-10-18,9,848,799,26,0,23,634228,6342.28,796
2019-10-18,10,804,762,24,0,18,396228,3962.28,767
2019-10-18,11,757,722,21,0,14,712169,7121.69,721
2019-10-18,12,786,752,19,0,15,655956,6559.56,754
2019-10-18,13,876,836,23,0,17,759440,7594.40,838
2019-10-18,14,1042,1002,22,0,18,479771,4797.71,980
2019-10-18,15,1064,1024,25,0,15,453723,4537.23,987
2019-10-18,16,1114,1070,25,0,19,643142,6431.42,1034
2019-10-18,17,971,948,13,0,10,138396,1383.96,900
2019-10-18,18,739,707,17,0,15,355240,3552.40,691
2019-10-18,19,456,444,5,0,7,242858,2428.58,420
2019-10-18,20,255,245,6,0,4,74976,749.76,233
2019-10-18,21,166,165,1,0,0,0,0.00,154
2019-10-18,22,87,84,2,0,1,58942,589.42,80
2019-10-18,23,87,85,1,0,1,46005,460.05,81
2019-10-19,0,90,86,0,0,4,66142,661.42,83
2019-10-19,1,214,208,3,0,3,54713,547.13,202
2019-10-19,2,389,374,10,0,5,115601,1156.01,360
2019-10-19,3,528,510,10,0,8,235388,2353.88,499
2019-10-19,4,673,637,24,0,12,276263,2762.63,638
2019-10-19,5,715,676,23,0,16,305111,3051.11,681
2019-10-19,6,748,706,26,0,16,454671,4546.71,714
2019-10-19,7,828,770,33,0,25,1064827,10648.27,775
2019-10-19,8,823,768,34,0,21,505565,5055.65,775
2019-10-19,9,816,762,36,0,18,893192,8931.92,765
2019-10-19,10,831,786,30,0,15,319463,3194.63,781
2019-10-19,11,742,700,21,0,21,611219,6112.19,703
2019-10-19,12,729,691,20,0,18,592271,5922.71,687
2019-10-19,13,819,781,22,0,16,478222,4782.22,769
2019-10-19,14,894,851,33,0,10,241502,2415.02,844
2019-10-19,15,958,919,27,0,12,303418,3034.18,901
2019-10-19,16,951,913,24,0,14,390334,3903.34,898
2019-10-19,17,897,872,14,0,11,262180,2621.80,831
2019-10-19,18,731,706,16,0,9,418788,4187.88,690
2019-10-19,19,515,492,17,0,6,202512,2025.12,477
2019-10-19,20,351,335,10,0,6,126054,1260.54,325
2019-10-19,21,210,202,6,0,2,28223,282.23,200
2019-10-19,22,132,128,2,0,2,48367,483.67,114
2019-10-19,23,89,89,0,0,0,0,0.00,84
2019-10-20,0,116,111,4,0,1,51479,514.79,111
2019-10-20,1,213,208,5,0,0,0,0.00,198
2019-10-20,2,393,382,6,0,5,125546,1255.46,373
2019-10-20,3,593,576,11,0,6,118501,1185.01,556
2019-10-20,4,845,818,21,0,6,190094,1900.94,788
2019-10-20,5,791,743,32,0,16,312742,3127.42,757
2019-10-20,6,741,699,29,0,13,256711,2567.11,693
2019-10-20,7,842,795,28,0,19,685737,6857.37,790
2019-10-20,8,879,827,32,0,20,618205,6182.05,825
2019-10-20,9,808,761,36,0,11,379530,3795.30,763
2019-10-20,10,802,754,33,0,15,429989,4299.89,766
2019-10-20,11,744,690,28,0,26,1203502,12035.02,702
2019-10-20,12,759,726,25,0,8,167189,1671.89,704
2019-10-20,13,869,833,22,0,14,399471,3994.71,815
2019-10-20,14,927,902,12,0,13,304971,3049.71,875
2019-10-20,15,997,967,14,0,16,419405,4194.05,932
2019-10-20,16,1043,1012,20,0,11,485895,4858.95,984
2019-10-20,17,984,945,24,0,15,641006,6410.06,908
2019-10-20,18,718,706,8,0,4,169904,1699.04,672
2019-10-20,19,490,466,14,0,10,283002,2830.02,447
2019-10-20,20,250,244,2,0,4,284682,2846.82,233
2019-10-20,21,149,141,4,0,4,164116,1641.16,138
2019-10-20,22,113,107,5,0,1,28447,284.47,99
2019-10-20,23,71,69,2,0,0,0,0.00,66
2019-10-21,0,129,125,3,0,1,24776,247.76,119
2019-10-21,1,285,281,4,0,0,0,0.00,274
2019-10-21,2,394,385,7,0,2,30861,308.61,384
2019-10-21,3,547,524,13,0,10,281911,2819.11,515
2019-10-21,4,649,610,18,0,21,833103,8331.03,617
2019-10-21,5,689,639,26,0,24,652657,6526.57,660
2019-10-21,6,726,681,29,0,16,597041,5970.41,698
2019-10-21,7,668,632,19,0,17,420142,4201.42,640
2019-10-21,8,698,660,24,0,14,464050,4640.50,670
2019-10-21,9,758,717,24,0,17,656672,6566.72,715
2019-10-21,10,753,699,28,0,26,695140,6951.40,712
2019-10-21,11,731,688,26,0,17,544453,5444.53,691
2019-10-21,12,696,667,14,0,15,370466,3704.66,657
2019-10-21,13,727,694,16,0,17,359638,3596.38,686
2019-10-21,14,895,857,23,0,15,655500,6555.00,844
2019-10-21,15,1080,1045,25,0,10,314188,3141.88,1018
2019-10-21,16,1003,975,17,0,11,236688,2366.88,947
2019-10-21,17,900,868,17,0,15,667210,6672.10,830
2019-10-21,18,735,714,11,0,10,311266,3112.66,686
2019-10-21,19,419,405,9,0,5,89547,895.47,386
2019-10-21,20,246,235,6,0,5,97875,978.75,229
2019-10-21,21,131,124,1,0,6,237279,2372.79,122
2019-10-21,22,99,98,0,0,1,24708,247.08,91
2019-10-21,23,77,73,2,0,2,94179,941.79,72
2019-10-22,0,119,116,1,0,2,61645,616.45,111
2019-10-22,1,146,144,2,0,0,0,0.00,142
2019-10-22,2,342,328,7,0,7,280447,2804.47,321
2019-10-22,3,519,494,15,0,10,257701,2577.01,487
2019-10-22,4,620,601,14,0,5,74476,744.76,582
2019-10-22,5,715,674,25,0,16,379679,3796.79,678
2019-10-22,6,765,726,23,0,16,381669,3816.69,735
2019-10-22,7,782,733,29,0,20,812952,8129.52,740
2019-10-22,8,786,747,21,0,18,274777,2747.77,752
2019-10-22,9,747,709,23,0,15,417817,4178.17,700
2019-10-22,10,755,717,20,0,18,479604,4796.04,712
2019-10-22,11,727,686,27,0,14,517933,5179.33,691
2019-10-22,12,738,705,21,0,12,291978,2919.78,699
2019-10-22,13,831,793,22,0,16,691181,6911.81,798
2019-10-22,14,917,880,19,0,18,573808,5738.08,857
2019-10-22,15,1062,1023,21,0,18,633125,6331.25,1004
2019-10-22,16,1037,995,28,0,14,333600,3336.00,959
2019-10-22,17,889,867,10,0,12,521014,5210.14,831
2019-10-22,18,775,753,12,0,10,203313,2033.13,705
2019-10-22,19,448,437,4,0,7,184220,1842.20,420
2019-10-22,20,258,252,2,0,4,118951,1189.51,233
2019-10-22,21,159,154,3,0,2,230904,2309.04,139
2019-10-22,22,37,35,1,0,1,25738,257.38,34
2019-10-22,23,80,79,0,0,1,22419,224.19,73
2019-10-23,0,101,100,1,0,0,0,0.00,97
2019-10-23,1,171,166,4,0,1,152409,1524.09,164
2019-10-23,2,369,364,3,0,2,96380,963.80,351
2019-10-23,3,534,512,13,0,9,224738,2247.38,514
2019-10-23,4,634,589,26,0,19,704778,7047.78,600
2019-10-23,5,678,643,20,0,15,274489,2744.89,646
2019-10-23,6,772,719,28,0,25,689046,6890.46,734
2019-10-23,7,773,731,25,0,17,406017,4060.17,728
2019-10-23,8,741,688,31,0,22,597849,5978.49,703
2019-10-23,9,772,725,35,0,12,370744,3707.44,724
2019-10-23,10,746,698,27,0,21,741381,7413.81,712
2019-10-23,11,665,622,25,0,18,640468,6404.68,635
2019-10-23,12,664,625,25,0,14,545131,5451.31,634
2019-10-23,13,754,715,29,0,10,340710,3407.10,705
2019-10-23,14,873,838,21,0,14,490302,4903.02,832
2019-10-23,15,1038,1000,26,0,12,563015,5630.15,992
2019-10-23,16,993,966,17,0,10,259360,2593.60,929
2019-10-23,17,923,899,17,0,7,332108,3321.08,861
2019-10-23,18,701,682,12,0,7,257329,2573.29,653
2019-10-23,19,448,437,4,0,7,96744,967.44,406
2019-10-23,20,232,227,3,0,2,42145,421.45,210
2019-10-23,21,145,137,4,0,4,114468,1144.68,134
2019-10-23,22,77,74,2,0,1,8958,89.58,74
2019-10-23,23,79,78,0,0,1,38298,382.98,73
2019-10-24,0,104,103,1,0,0,0,0.00,103
2019-10-24,1,238,232,5,0,1,3343,33.43,223
2019-10-24,2,360,345,10,0,5,74783,747.83,346
2019-10-24,3,486,456,16,0,14,201271,2012.71,454
2019-10-24,4,610,581,18,0,11,231080,2310.80,581
2019-10-24,5,386,364,10,0,12,240598,2405.98,367
2019-10-24,6,786,741,37,0,8,254353,2543.53,738
2019-10-24,7,729,693,27,0,9,217944,2179.44,694
2019-10-24,8,743,704,24,0,15,451608,4516.08,707
2019-10-24,9,717,679,18,0,20,794998,7949.98,692
2019-10-24,10,684,652,19,0,13,218589,2185.89,640
2019-10-24,11,645,605,22,0,18,762422,7624.22,603
2019-10-24,12,657,627,18,0,12,355788,3557.88,623
2019-10-24,13,721,693,22,0,6,107214,1072.14,683
2019-10-24,14,836,811,11,0,14,372392,3723.92,777
2019-10-24,15,927,889,21,0,17,503156,5031.56,878
2019-10-24,16,927,904,14,0,9,157868,1578.68,878
2019-10-24,17,823,793,24,0,6,68486,684.86,783
2019-10-24,18,785,767,13,0,5,56303,563.03,734
2019-10-24,19,471,453,10,0,8,195665,1956.65,440
2019-10-24,20,201,191,6,0,4,137728,1377.28,186
2019-10-24,21,158,152,3,0,3,40436,404.36,144
2019-10-24,22,88,88,0,0,0,0,0.00,80
2019-10-24,23,57,57,0,0,0,0,0.00,54
2019-10-25,0,106,103,0,0,3,35657,356.57,98
2019-10-25,1,218,211,5,0,2,90547,905.47,207
2019-10-25,2,348,339,6,0,3,155863,1558.63,331
2019-10-25,3,505,473,22,0,10,261033,2610.33,477
2019-10-25,4,613,579,23,0,11,383011,3830.11,587
2019-10-25,5,773,736,27,0,10,157131,1571.31,734
2019-10-25,6,736,692,22,0,22,490450,4904.50,700
2019-10-25,7,827,778,31,0,18,535684,5356.84,798
2019-10-25,8,857,816,26,0,15,418581,4185.81,813
2019-10-25,9,799,757,26,0,16,866552,8665.52,750
2019-10-25,10,818,779,24,0,15,335834,3358.34,772
2019-10-25,11,735,689,31,0,15,487670,4876.70,683
2019-10-25,12,743,708,23,0,12,497923,4979.23,705
2019-10-25,13,819,782,21,0,16,465187,4651.87,784
2019-10-25,14,963,926,20,0,17,490313,4903.13,907
2019-10-25,15,974,949,16,0,9,242494,2424.94,920
2019-10-25,16,963,935,17,0,11,671244,6712.44,904
2019-10-25,17,880,853,14,0,13,365912,3659.12,832
2019-10-25,18,704,680,14,0,10,216608,2166.08,659
2019-10-25,19,460,452,5,0,3,26286,262.86,424
2019-10-25,20,273,267,4,0,2,21823,218.23,254
2019-10-25,21,150,148,1,0,1,793,7.93,135
2019-10-25,22,103,102,0,0,1,40153,401.53,93
2019-10-25,23,63,60,1,0,2,34698,346.98,63
2019-10-26,0,108,103,3,0,2,90293,902.93,101
2019-10-26,1,190,182,6,0,2,23168,231.68,185
2019-10-26,2,342,336,3,0,3,117835,1178.35,328
2019-10-26,3,510,495,8,0,7,128104,1281.04,478
2019-10-26,4,674,631,29,0,14,745266,7452.66,644
2019-10-26,5,748,697,35,0,16,428890,4288.90,693
2019-10-26,6,815,763,31,0,21,875209,8752.09,764
2019-10-26,7,828,783,33,0,12,565174,5651.74,773
2019-10-26,8,818,777,24,0,17,541921,5419.21,765
2019-10-26,9,499,475,13,0,11,288326,2883.26,470
2019-10-26,10,735,703,19,0,13,585466,5854.66,689
2019-10-26,11,695,661,26,0,8,248548,2485.48,659
2019-10-26,12,671,641,22,0,8,229430,2294.30,635
2019-10-26,13,760,721,24,0,15,319600,3196.00,717
2019-10-26,14,770,738,15,0,17,639020,6390.20,722
2019-10-26,15,862,827,19,0,16,395356,3953.56,811
2019-10-26,16,880,857,10,0,13,254114,2541.14,817
2019-10-26,17,771,748,14,0,9,349146,3491.46,724
2019-10-26,18,737,723,12,0,2,5378,53.78,681
2019-10-26,19,505,479,16,0,10,371609,3716.09,470
2019-10-26,20,279,267,8,0,4,216889,2168.89,260
2019-10-26,21,188,186,1,0,1,903,9.03,176
2019-10-26,22,95,89,4,0,2,31574,315.74,87
2019-10-26,23,81,77,3,0,1,15161,151.61,76
2019-10-27,0,71,70,1,0,0,0,0.00,66
2019-10-27,1,182,176,3,0,3,123626,1236.26,166
2019-10-27,2,323,314,6,0,3,218911,2189.11,301
2019-10-27,3,513,498,9,0,6,171449,1714.49,484
2019-10-27,4,589,558,23,0,8,410852,4108.52,552
2019-10-27,5,733,694,25,0,14,519627,5196.27,703
2019-10-27,6,724,682,23,0,19,356700,3567.00,691
2019-10-27,7,752,714,23,0,15,459637,4596.37,709
2019-10-27,8,749,706,22,0,21,674488,6744.88,711
2019-10-27,9,757,710,29,0,18,395489,3954.89,714
2019-10-27,10,714,680,19,0,15,597969,5979.69,679
2019-10-27,11,798,751,30,0,17,580855,5808.55,744
2019-10-27,12,751,709,27,0,15,516746,5167.46,696
2019-10-27,13,796,767,15,0,14,513406,5134.06,755
2019-10-27,14,893,860,20,0,13,681477,6814.77,837
2019-10-27,15,1013,983,14,0,16,443054,4430.54,944
2019-10-27,16,945,918,13,0,14,386749,3867.49,880
2019-10-27,17,874,848,16,0,10,252659,2526.59,819
2019-10-27,18,750,735,8,0,7,367190,3671.90,695
2019-10-27,19,473,463,4,0,6,195817,1958.17,433
2019-10-27,20,296,290,3,0,3,87330,873.30,265
2019-10-27,21,151,144,2,0,5,43690,436.90,135
2019-10-27,22,81,81,0,0,0,0,0.00,72
2019-10-27,23,68,66,0,0,2,278574,2785.74,60
2019-10-28,0,91,91,0,0,0,0,0.00,85
2019-10-28,1,174,169,2,0,3,23327,233.27,166
2019-10-28,2,264,259,2,0,3,340337,3403.37,246
2019-10-28,3,389,377,5,0,7,496045,4960.45,373
2019-10-28,4,556,536,7,0,13,276096,2760.96,521
2019-10-28,5,652,620,12,0,20,662559,6625.59,625
2019-10-28,6,693,668,14,0,11,279725,2797.25,650
2019-10-28,7,716,682,15,0,19,820096,8200.96,685
2019-10-28,8,644,618,10,0,16,473870,4738.70,619
2019-10-28,9,689,658,11,0,20,530094,5300.94,653
2019-10-28,10,671,649,10,0,12,226858,2268.58,634
2019-10-28,11,617,589,16,0,12,449761,4497.61,577
2019-10-28,12,603,577,9,0,17,621622,6216.22,574
2019-10-28,13,749,725,9,0,15,393435,3934.35,705
2019-10-28,14,787,771,6,0,10,507013,5070.13,751
2019-10-28,15,946,920,9,0,17,322745,3227.45,882
2019-10-28,16,929,911,9,0,9,245317,2453.17,860
2019-10-28,17,868,848,13,0,7,247968,2479.68,805
2019-10-28,18,643,635,3,0,5,60195,601.95,595
2019-10-28,19,417,403,5,0,9,225252,2252.52,391
2019-10-28,20,210,206,1,0,3,57851,578.51,184
2019-10-28,21,163,159,2,0,2,127370,1273.70,151
2019-10-28,22,84,82,0,0,2,47182,471.82,75
2019-10-28,23,86,85,1,0,0,0,0.00,80
2019-10-29,0,103,101,0,0,2,40146,401.46,95
2019-10-29,1,177,176,0,0,1,146977,1469.77,172
2019-10-29,2,328,317,6,0,5,102279,1022.79,307
2019-10-29,3,471,458,5,0,8,170318,1703.18,444
2019-10-29,4,546,530,10,0,6,367886,3678.86,520
2019-10-29,5,609,581,16,0,12,260389,2603.89,582
2019-10-29,6,647,618,15,0,14,421497,4214.97,621
2019-10-29,7,591,570,9,0,12,269739,2697.39,575
2019-10-29,8,682,657,8,0,17,486231,4862.31,651
2019-10-29,9,690,667,10,0,13,330685,3306.85,650
2019-10-29,10,625,600,12,0,13,619570,6195.70,583
2019-10-29,11,592,566,11,0,15,377391,3773.91,561
2019-10-29,12,611,595,6,0,10,577423,5774.23,578
2019-10-29,13,650,628,10,0,12,506175,5061.75,610
2019-10-29,14,747,725,10,0,12,276080,2760.80,707
2019-10-29,15,890,868,5,0,17,342561,3425.61,844
2019-10-29,16,929,911,4,0,14,559915,5599.15,859
2019-10-29,17,920,906,6,0,8,163153,1631.53,848
2019-10-29,18,599,585,6,0,8,186330,1863.30,567
2019-10-29,19,463,455,3,0,5,42881,428.81,423
2019-10-29,20,213,207,3,0,3,50758,507.58,200
2019-10-29,21,114,111,2,0,1,57189,571.89,104
2019-10-29,22,92,88,1,0,3,188350,1883.50,83
2019-10-29,23,67,67,0,0,0,0,0.00,63
2019-10-30,0,93,93,0,0,0,0,0.00,84
2019-10-30,1,183,176,1,0,6,363055,3630.55,176
2019-10-30,2,288,283,2,0,3,39536,395.36,276
2019-10-30,3,406,393,6,0,7,217898,2178.98,389
2019-10-30,4,550,531,8,0,11,324964,3249.64,523
2019-10-30,5,669,638,11,0,20,638309,6383.09,641
2019-10-30,6,646,620,6,0,20,576418,5764.18,612
2019-10-30,7,577,550,12,0,15,433615,4336.15,556
2019-10-30,8,635,608,9,0,18,437929,4379.29,604
2019-10-30,9,635,604,16,0,15,447130,4471.30,606
2019-10-30,10,589,570,6,0,13,314200,3142.00,559
2019-10-30,11,574,553,10,0,11,239383,2393.83,547
2019-10-30,12,568,549,7,0,12,306599,3065.99,543
2019-10-30,13,673,650,12,0,11,766554,7665.54,647
2019-10-30,14,800,773,11,0,16,224783,2247.83,767
2019-10-30,15,896,867,12,0,17,550328,5503.28,843
2019-10-30,16,875,863,7,0,5,188226,1882.26,808
2019-10-30,17,792,782,2,0,8,224224,2242.24,739
2019-10-30,18,609,598,5,0,6,81660,816.60,562
2019-10-30,19,385,380,3,0,2,17271,172.71,360
2019-10-30,20,222,217,1,0,4,114882,1148.82,211
2019-10-30,21,113,111,1,0,1,6402,64.02,106
2019-10-30,22,94,93,1,0,0,0,0.00,91
2019-10-30,23,62,60,1,0,1,24290,242.90,58
2019-10-31,0,89,87,0,0,2,182560,1825.60,77
2019-10-31,1,132,128,2,0,2,30056,300.56,122
2019-10-31,2,284,277,5,0,2,16870,168.70,272
2019-10-31,3,427,420,1,0,6,52347,523.47,407
2019-10-31,4,530,514,6,0,10,407478,4074.78,506
2019-10-31,5,620,598,13,0,9,253741,2537.41,592
2019-10-31,6,668,641,11,0,16,761889,7618.89,643
2019-10-31,7,701,672,10,0,19,661978,6619.78,674
2019-10-31,8,718,696,10,0,12,301352,3013.52,680
2019-10-31,9,642,614,13,0,15,392712,3927.12,609
2019-10-31,10,680,657,9,0,14,473211,4732.11,650
2019-10-31,11,622,600,12,0,10,419075,4190.75,591
2019-10-31,12,603,589,9,0,5,55078,550.78,575
2019-10-31,13,672,661,3,0,8,187869,1878.69,631
2019-10-31,14,834,808,13,0,13,404150,4041.50,788
2019-10-31,15,940,924,6,0,10,268067,2680.67,876
2019-10-31,16,934,919,8,0,7,165599,1655.99,874
2019-10-31,17,840,825,7,0,8,134218,1342.18,781
2019-10-31,18,619,604,7,0,8,215153,2151.53,562
2019-10-31,19,432,418,4,0,10,344702,3447.02,400
2019-10-31,20,201,194,2,0,5,273030,2730.30,193
2019-10-31,21,134,129,2,0,3,175053,1750.53,128
2019-10-31,22,73,73,0,0,0,0,0.00,68
2019-10-31,23,65,63,1,0,1,2280,22.80,62
