k,seed,inertia,silhouette,iterations,min_cluster,max_cluster,fit_ms
2,1,119778.11331831371,0.6805111944445876,27,3729,21355,8027
2,2,119778.11331831371,0.6805111944445876,27,3729,21355,4502
2,3,119778.70181836432,0.682134922115165,24,3691,21393,4439
3,1,97454.97861382274,0.4199828958313269,12,2077,14227,2836
3,2,106202.64888722207,0.602520647240895,15,1942,20435,2449
3,3,99041.53485175563,0.4412273864985279,50,1790,16017,5037
4,1,81693.91476953107,0.46854119743809575,50,1668,13250,9057
4,2,81693.36602248787,0.46869845228880724,17,1692,13235,2461
4,3,84793.09192462159,0.4389731931192997,27,1387,13470,3489
5,1,69638.3456660732,0.4970388322765291,40,1059,12838,3305
5,2,69638.23483659462,0.49645126437061404,24,1088,12799,2959
5,3,69638.34531738932,0.49705761525455644,35,1059,12839,2724
6,1,59978.693542510475,0.41179040983496784,28,945,7987,3084
6,2,59978.70776443146,0.41179237855686507,25,944,7988,2707
6,3,59978.75478530758,0.4118266810181923,50,945,7989,4616
7,1,54422.8842269904,0.4159369223719904,34,469,7429,2789
7,2,56447.52162955198,0.42109658309102765,50,619,7725,4484
7,3,56437.89449585792,0.42098129549500585,36,611,7680,3313
8,1,50151.456039007,0.40936171922061243,44,430,6827,3503
8,2,50926.51038186786,0.40443280088650096,49,588,6978,4540
8,3,50926.69881442663,0.4046322153892708,50,588,6984,4606
9,1,47040.60054467799,0.416791467878206,39,408,6610,3986
9,2,47040.59501794057,0.4167863583532647,50,408,6611,4419
9,3,47861.1284797243,0.41558262756373127,34,445,7134,2756
10,1,43868.83749740236,0.43412152041875457,50,405,6535,4519
10,2,44355.751845615145,0.37110486515074076,50,405,5708,4748
10,3,43765.52478779874,0.41959865548556063,50,403,6619,3740
